operation,msglen,time
decrypt,256,15
encrypt,256,11
decrypt,256,10
encrypt,256,8
decrypt,256,15
encrypt,256,8
decrypt,256,16
encrypt,256,7
decrypt,256,13
encrypt,256,12
decrypt,256,15
encrypt,256,13
decrypt,256,16
encrypt,256,8
decrypt,256,14
encrypt,256,7
decrypt,256,10
encrypt,256,8
decrypt,256,10
encrypt,256,8
decrypt,256,9
encrypt,256,8
decrypt,256,9
encrypt,256,8
decrypt,256,10
encrypt,256,9
decrypt,256,9
encrypt,256,9
decrypt,256,9
encrypt,256,8
decrypt,256,10
encrypt,256,8
decrypt,256,9
encrypt,256,8
decrypt,256,9
encrypt,256,8
decrypt,256,10
encrypt,256,9
decrypt,256,10
encrypt,256,8
decrypt,256,10
encrypt,256,9
decrypt,256,9
encrypt,256,8
decrypt,256,9
encrypt,256,9
decrypt,256,10
encrypt,256,8
decrypt,256,11
encrypt,256,8
decrypt,256,10
encrypt,256,9
decrypt,256,10
encrypt,256,8
decrypt,256,17
encrypt,256,9
decrypt,256,9
encrypt,256,8
decrypt,256,10
encrypt,256,9
decrypt,256,10
encrypt,256,9
decrypt,256,10
encrypt,256,8
decrypt,256,10
encrypt,256,8
decrypt,256,9
encrypt,256,9
decrypt,256,10
encrypt,256,8
decrypt,256,14
encrypt,256,8
decrypt,256,15
encrypt,256,8
decrypt,256,10
encrypt,256,8
decrypt,256,10
encrypt,256,7
decrypt,256,15
encrypt,256,8
decrypt,256,9
encrypt,256,8
decrypt,256,11
encrypt,256,12
decrypt,256,9
encrypt,256,7
decrypt,256,14
encrypt,256,8
decrypt,256,10
encrypt,256,8
decrypt,256,9
encrypt,256,9
decrypt,256,10
encrypt,256,9
decrypt,256,9
encrypt,256,8
decrypt,256,10
encrypt,256,9
decrypt,256,9
encrypt,256,8
decrypt,256,9
encrypt,256,8
decrypt,256,10
encrypt,256,8
decrypt,256,9
encrypt,256,9
decrypt,256,10
encrypt,256,8
decrypt,256,10
encrypt,256,8
decrypt,256,15
encrypt,256,9
decrypt,256,15
encrypt,256,8
decrypt,256,14
encrypt,256,8
decrypt,256,14
encrypt,256,8
decrypt,256,14
encrypt,256,12
decrypt,256,15
encrypt,256,8
decrypt,256,15
encrypt,256,9
decrypt,256,14
encrypt,256,8
decrypt,256,10
encrypt,256,8
decrypt,256,15
encrypt,256,8
decrypt,256,14
encrypt,256,9
decrypt,256,10
encrypt,256,9
decrypt,256,11
encrypt,256,8
decrypt,256,10
encrypt,256,9
decrypt,256,9
encrypt,256,8
decrypt,256,9
encrypt,256,8
decrypt,256,10
encrypt,256,8
decrypt,256,9
encrypt,256,8
decrypt,256,9
encrypt,256,8
decrypt,256,10
encrypt,256,8
decrypt,256,15
encrypt,256,9
decrypt,256,14
encrypt,256,13
decrypt,256,26
encrypt,256,9
decrypt,256,10
encrypt,256,8
decrypt,256,15
encrypt,256,13
decrypt,256,14
encrypt,256,9
decrypt,256,10
encrypt,256,8
decrypt,256,10
encrypt,256,8
decrypt,256,10
encrypt,256,7
decrypt,256,10
encrypt,256,8
decrypt,256,9
encrypt,256,8
decrypt,256,10
encrypt,256,8
decrypt,256,9
encrypt,256,7
decrypt,256,10
encrypt,256,9
decrypt,256,9
encrypt,256,8
decrypt,256,10
encrypt,256,8
decrypt,256,10
encrypt,256,8
decrypt,256,10
encrypt,256,8
decrypt,256,10
encrypt,256,8
decrypt,256,10
encrypt,256,9
decrypt,256,10
encrypt,256,9
decrypt,256,10
encrypt,256,8
decrypt,256,20
encrypt,256,9
decrypt,256,10
encrypt,256,9
decrypt,256,10
encrypt,256,8
decrypt,256,10
encrypt,256,8
decrypt,256,10
encrypt,256,8
decrypt,256,9
encrypt,256,8
decrypt,256,19
encrypt,256,8
decrypt,256,10
encrypt,256,8
decrypt,256,9
encrypt,256,8
decrypt,256,9
encrypt,256,9
decrypt,256,16
encrypt,256,8
decrypt,256,10
encrypt,256,9
decrypt,256,19
encrypt,256,9
decrypt,256,10
encrypt,256,8
decrypt,256,10
encrypt,256,8
decrypt,256,10
encrypt,256,8
decrypt,256,10
encrypt,256,8
decrypt,256,9
encrypt,256,9
decrypt,256,9
encrypt,256,8
decrypt,256,10
encrypt,256,8
decrypt,256,10
encrypt,256,8
decrypt,256,9
encrypt,256,8
decrypt,256,9
encrypt,256,8
decrypt,256,10
encrypt,256,8
decrypt,256,10
encrypt,256,8
decrypt,256,10
encrypt,256,8
decrypt,256,10
encrypt,256,9
decrypt,256,10
encrypt,256,8
decrypt,256,12
encrypt,256,7
decrypt,256,10
encrypt,256,8
decrypt,256,16
encrypt,256,8
decrypt,256,10
encrypt,256,9
decrypt,256,9
encrypt,256,8
decrypt,256,10
encrypt,256,8
decrypt,256,11
encrypt,256,8
decrypt,256,11
encrypt,256,8
decrypt,256,10
encrypt,256,8
decrypt,256,10
encrypt,256,9
decrypt,256,9
encrypt,256,8
decrypt,256,10
encrypt,256,8
decrypt,256,9
encrypt,256,8
decrypt,256,10
encrypt,256,9
decrypt,256,9
encrypt,256,7
decrypt,256,10
encrypt,256,9
decrypt,256,10
encrypt,256,9
decrypt,256,10
encrypt,256,8
decrypt,256,10
encrypt,256,9
decrypt,256,10
encrypt,256,8
decrypt,256,10
encrypt,256,8
decrypt,256,10
encrypt,256,9
decrypt,256,9
encrypt,256,8
decrypt,256,10
encrypt,256,8
decrypt,256,10
encrypt,256,8
decrypt,256,10
encrypt,256,8
decrypt,256,19
encrypt,256,8
decrypt,256,11
encrypt,256,8
decrypt,256,10
encrypt,256,9
decrypt,256,10
encrypt,256,8
decrypt,256,9
encrypt,256,8
decrypt,256,10
encrypt,256,9
decrypt,256,9
encrypt,256,8
decrypt,256,10
encrypt,256,8
decrypt,256,10
encrypt,256,9
decrypt,256,9
encrypt,256,8
decrypt,256,10
encrypt,256,8
decrypt,256,10
encrypt,256,9
decrypt,256,11
encrypt,256,7
decrypt,256,9
encrypt,256,8
decrypt,256,9
encrypt,256,8
decrypt,256,9
encrypt,256,8
decrypt,256,10
encrypt,256,8
decrypt,256,14
encrypt,256,7
decrypt,256,10
encrypt,256,8
decrypt,256,10
encrypt,256,8
decrypt,256,15
encrypt,256,8
decrypt,256,15
encrypt,256,12
decrypt,256,10
encrypt,256,12
decrypt,256,9
encrypt,256,8
decrypt,256,15
encrypt,256,8
decrypt,256,14
encrypt,256,8
decrypt,256,10
encrypt,256,13
decrypt,256,9
encrypt,256,8
decrypt,256,10
encrypt,256,9
decrypt,256,9
encrypt,256,8
decrypt,256,10
encrypt,256,8
decrypt,256,10
encrypt,256,8
decrypt,256,14
encrypt,256,9
decrypt,256,10
encrypt,256,8
decrypt,256,16
encrypt,256,8
decrypt,256,10
encrypt,256,8
decrypt,256,10
encrypt,256,8
decrypt,256,11
encrypt,256,8
decrypt,256,19
encrypt,256,8
decrypt,256,10
encrypt,256,8
decrypt,256,10
encrypt,256,8
decrypt,256,9
encrypt,256,8
decrypt,256,9
encrypt,256,7
decrypt,256,9
encrypt,256,8
decrypt,256,19
encrypt,256,8
decrypt,256,10
encrypt,256,8
decrypt,256,10
encrypt,256,8
decrypt,256,9
encrypt,256,8
decrypt,256,10
encrypt,256,8
decrypt,256,10
encrypt,256,8
decrypt,256,10
encrypt,256,8
decrypt,256,9
encrypt,256,8
decrypt,256,9
encrypt,256,8
decrypt,256,9
encrypt,256,10
decrypt,256,10
encrypt,256,8
decrypt,256,10
encrypt,256,8
decrypt,256,9
encrypt,256,8
decrypt,256,10
encrypt,256,8
decrypt,256,15
encrypt,256,8
decrypt,256,10
encrypt,256,8
decrypt,256,9
encrypt,256,8
decrypt,256,9
encrypt,256,8
decrypt,256,10
encrypt,256,8
decrypt,256,9
encrypt,256,10
decrypt,256,16
encrypt,256,8
decrypt,256,10
encrypt,256,8
decrypt,256,9
encrypt,256,8
decrypt,256,18
encrypt,256,9
decrypt,256,17
encrypt,256,8
decrypt,256,15
encrypt,256,8
decrypt,256,16
encrypt,256,13
decrypt,256,10
encrypt,256,8
decrypt,256,9
encrypt,256,8
decrypt,256,10
encrypt,256,8
decrypt,256,14
encrypt,256,14
decrypt,256,9
encrypt,256,9
decrypt,256,13
encrypt,256,8
decrypt,256,10
encrypt,256,9
decrypt,256,10
encrypt,256,8
decrypt,256,15
encrypt,256,12
decrypt,256,9
encrypt,256,8
decrypt,256,10
encrypt,256,8
decrypt,256,19
encrypt,256,8
decrypt,256,10
encrypt,256,8
decrypt,256,10
encrypt,256,9
decrypt,256,10
encrypt,256,8
decrypt,256,10
encrypt,256,8
decrypt,256,14
encrypt,256,8
decrypt,256,18
encrypt,256,8
decrypt,256,14
encrypt,256,8
decrypt,256,9
encrypt,256,8
decrypt,256,9
encrypt,256,12
decrypt,256,15
encrypt,256,7
decrypt,256,10
encrypt,256,11
decrypt,256,15
encrypt,256,7
decrypt,256,9
encrypt,256,8
decrypt,256,9
encrypt,256,8
decrypt,256,19
encrypt,256,8
decrypt,256,18
encrypt,256,8
decrypt,256,10
encrypt,256,8
decrypt,256,10
encrypt,256,8
decrypt,256,10
encrypt,256,8
decrypt,256,9
encrypt,256,8
decrypt,256,13
encrypt,256,9
decrypt,256,10
encrypt,256,9
decrypt,256,11
encrypt,256,8
decrypt,256,10
encrypt,256,8
decrypt,256,19
encrypt,256,8
decrypt,256,10
encrypt,256,8
decrypt,256,10
encrypt,256,8
decrypt,256,10
encrypt,256,9
decrypt,256,10
encrypt,256,8
decrypt,256,9
encrypt,256,9
decrypt,256,10
encrypt,256,8
decrypt,256,10
encrypt,256,9
decrypt,256,14
encrypt,256,8
decrypt,256,9
encrypt,256,8
decrypt,256,9
encrypt,256,9
decrypt,256,10
encrypt,256,9
decrypt,256,10
encrypt,256,8
decrypt,256,10
encrypt,256,8
decrypt,256,10
encrypt,256,8
decrypt,256,15
encrypt,256,10
decrypt,256,10
encrypt,256,9
decrypt,256,10
encrypt,256,8
decrypt,256,10
encrypt,256,8
decrypt,256,11
encrypt,256,8
decrypt,256,10
encrypt,256,8
decrypt,256,19
encrypt,256,9
decrypt,256,10
encrypt,256,8
decrypt,256,10
encrypt,256,8
decrypt,256,10
encrypt,256,9
decrypt,256,9
encrypt,256,9
decrypt,256,10
encrypt,256,8
decrypt,256,9
encrypt,256,8
decrypt,256,11
encrypt,256,8
decrypt,256,10
encrypt,256,8
decrypt,256,9
encrypt,256,8
decrypt,256,9
encrypt,256,9
decrypt,256,10
encrypt,256,8
decrypt,256,9
encrypt,256,8
decrypt,256,11
encrypt,256,8
decrypt,256,10
encrypt,256,9
decrypt,256,16
encrypt,256,8
decrypt,256,9
encrypt,256,7
decrypt,256,16
encrypt,256,8
decrypt,256,10
encrypt,256,13
decrypt,256,10
encrypt,256,8
decrypt,256,11
encrypt,256,8
decrypt,256,14
encrypt,256,13
decrypt,256,9
encrypt,256,8
decrypt,256,19
encrypt,256,7
decrypt,256,11
encrypt,256,8
decrypt,256,9
encrypt,256,8
decrypt,256,10
encrypt,256,8
decrypt,256,20
encrypt,256,8
decrypt,256,15
encrypt,256,8
decrypt,256,10
encrypt,256,8
decrypt,256,9
encrypt,256,8
decrypt,256,20
encrypt,256,8
decrypt,256,10
encrypt,256,8
decrypt,256,10
encrypt,256,9
decrypt,256,10
encrypt,256,7
decrypt,256,9
encrypt,256,8
decrypt,256,10
encrypt,256,8
decrypt,256,10
encrypt,256,8
decrypt,256,10
encrypt,256,8
decrypt,256,20
encrypt,256,8
decrypt,256,9
encrypt,256,8
decrypt,256,20
encrypt,256,8
decrypt,256,10
encrypt,256,8
decrypt,256,9
encrypt,256,7
decrypt,256,19
encrypt,256,8
decrypt,256,9
encrypt,256,8
decrypt,256,9
encrypt,256,7
decrypt,256,20
encrypt,256,8
decrypt,256,10
encrypt,256,8
decrypt,256,16
encrypt,256,8
decrypt,256,9
encrypt,256,9
decrypt,256,10
encrypt,256,8
decrypt,256,9
encrypt,256,8
decrypt,256,9
encrypt,256,8
decrypt,256,9
encrypt,256,8
decrypt,256,10
encrypt,256,9
decrypt,256,9
encrypt,256,8
decrypt,256,9
encrypt,256,8
decrypt,256,10
encrypt,256,8
decrypt,256,10
encrypt,256,8
decrypt,256,10
encrypt,256,8
decrypt,256,10
encrypt,256,8
decrypt,256,9
encrypt,256,8
decrypt,256,9
encrypt,256,8
decrypt,256,9
encrypt,256,8
decrypt,256,10
encrypt,256,8
decrypt,256,10
encrypt,256,8
decrypt,256,14
encrypt,256,9
decrypt,256,10
encrypt,256,8
decrypt,256,9
encrypt,256,8
decrypt,256,9
encrypt,256,9
decrypt,256,10
encrypt,256,8
decrypt,256,9
encrypt,256,8
decrypt,256,9
encrypt,256,8
decrypt,256,9
encrypt,256,8
decrypt,256,11
encrypt,256,8
decrypt,256,10
encrypt,256,8
decrypt,256,10
encrypt,256,8
decrypt,256,10
encrypt,256,8
decrypt,256,9
encrypt,256,8
decrypt,256,9
encrypt,256,8
decrypt,256,9
encrypt,256,8
decrypt,256,10
encrypt,256,8
decrypt,256,18
encrypt,256,8
decrypt,256,10
encrypt,256,8
decrypt,256,9
encrypt,256,8
decrypt,256,9
encrypt,256,8
decrypt,256,9
encrypt,256,8
decrypt,256,9
encrypt,256,8
decrypt,256,10
encrypt,256,7
decrypt,256,9
encrypt,256,8
decrypt,256,10
encrypt,256,8
decrypt,256,9
encrypt,256,9
decrypt,256,10
encrypt,256,8
decrypt,256,18
encrypt,256,8
decrypt,256,10
encrypt,256,8
decrypt,256,10
encrypt,256,9
decrypt,256,10
encrypt,256,8
decrypt,256,9
encrypt,256,8
decrypt,256,10
encrypt,256,8
decrypt,256,10
encrypt,256,8
decrypt,256,9
encrypt,256,8
decrypt,256,10
encrypt,256,8
decrypt,256,9
encrypt,256,8
decrypt,256,9
encrypt,256,9
decrypt,256,11
encrypt,256,8
decrypt,256,9
encrypt,256,8
decrypt,256,9
encrypt,256,8
decrypt,256,10
encrypt,256,8
decrypt,256,9
encrypt,256,8
decrypt,256,9
encrypt,256,8
decrypt,256,10
encrypt,256,9
decrypt,256,9
encrypt,256,13
decrypt,256,10
encrypt,256,8
decrypt,256,10
encrypt,256,8
decrypt,256,10
encrypt,256,8
decrypt,256,9
encrypt,256,9
decrypt,256,15
encrypt,256,9
decrypt,256,9
encrypt,256,8
decrypt,256,10
encrypt,256,8
decrypt,256,9
encrypt,256,8
decrypt,512,14
encrypt,512,13
decrypt,512,15
encrypt,512,13
decrypt,512,13
encrypt,512,13
decrypt,512,14
encrypt,512,13
decrypt,512,14
encrypt,512,13
decrypt,512,13
encrypt,512,12
decrypt,512,14
encrypt,512,12
decrypt,512,14
encrypt,512,13
decrypt,512,14
encrypt,512,13
decrypt,512,14
encrypt,512,13
decrypt,512,14
encrypt,512,12
decrypt,512,24
encrypt,512,13
decrypt,512,14
encrypt,512,12
decrypt,512,13
encrypt,512,13
decrypt,512,13
encrypt,512,13
decrypt,512,14
encrypt,512,12
decrypt,512,14
encrypt,512,12
decrypt,512,25
encrypt,512,12
decrypt,512,23
encrypt,512,12
decrypt,512,14
encrypt,512,12
decrypt,512,14
encrypt,512,13
decrypt,512,14
encrypt,512,13
decrypt,512,14
encrypt,512,12
decrypt,512,14
encrypt,512,13
decrypt,512,14
encrypt,512,13
decrypt,512,14
encrypt,512,13
decrypt,512,13
encrypt,512,13
decrypt,512,25
encrypt,512,13
decrypt,512,14
encrypt,512,12
decrypt,512,13
encrypt,512,12
decrypt,512,14
encrypt,512,13
decrypt,512,13
encrypt,512,12
decrypt,512,14
encrypt,512,13
decrypt,512,14
encrypt,512,12
decrypt,512,14
encrypt,512,12
decrypt,512,14
encrypt,512,12
decrypt,512,14
encrypt,512,13
decrypt,512,14
encrypt,512,12
decrypt,512,13
encrypt,512,14
decrypt,512,14
encrypt,512,13
decrypt,512,14
encrypt,512,13
decrypt,512,14
encrypt,512,12
decrypt,512,14
encrypt,512,13
decrypt,512,14
encrypt,512,13
decrypt,512,13
encrypt,512,13
decrypt,512,14
encrypt,512,13
decrypt,512,15
encrypt,512,12
decrypt,512,14
encrypt,512,12
decrypt,512,13
encrypt,512,12
decrypt,512,14
encrypt,512,12
decrypt,512,23
encrypt,512,12
decrypt,512,23
encrypt,512,13
decrypt,512,14
encrypt,512,13
decrypt,512,14
encrypt,512,13
decrypt,512,14
encrypt,512,13
decrypt,512,14
encrypt,512,13
decrypt,512,15
encrypt,512,13
decrypt,512,14
encrypt,512,13
decrypt,512,15
encrypt,512,12
decrypt,512,14
encrypt,512,13
decrypt,512,13
encrypt,512,13
decrypt,512,14
encrypt,512,13
decrypt,512,14
encrypt,512,13
decrypt,512,13
encrypt,512,12
decrypt,512,14
encrypt,512,12
decrypt,512,14
encrypt,512,13
decrypt,512,14
encrypt,512,13
decrypt,512,14
encrypt,512,13
decrypt,512,14
encrypt,512,13
decrypt,512,13
encrypt,512,13
decrypt,512,14
encrypt,512,13
decrypt,512,14
encrypt,512,13
decrypt,512,24
encrypt,512,13
decrypt,512,14
encrypt,512,12
decrypt,512,14
encrypt,512,13
decrypt,512,23
encrypt,512,12
decrypt,512,14
encrypt,512,12
decrypt,512,14
encrypt,512,13
decrypt,512,14
encrypt,512,13
decrypt,512,13
encrypt,512,13
decrypt,512,13
encrypt,512,13
decrypt,512,14
encrypt,512,13
decrypt,512,13
encrypt,512,13
decrypt,512,25
encrypt,512,13
decrypt,512,24
encrypt,512,13
decrypt,512,24
encrypt,512,13
decrypt,512,22
encrypt,512,13
decrypt,512,14
encrypt,512,13
decrypt,512,14
encrypt,512,13
decrypt,512,15
encrypt,512,13
decrypt,512,14
encrypt,512,13
decrypt,512,23
encrypt,512,12
decrypt,512,13
encrypt,512,13
decrypt,512,14
encrypt,512,13
decrypt,512,15
encrypt,512,14
decrypt,512,15
encrypt,512,13
decrypt,512,24
encrypt,512,14
decrypt,512,14
encrypt,512,13
decrypt,512,14
encrypt,512,13
decrypt,512,14
encrypt,512,13
decrypt,512,15
encrypt,512,13
decrypt,512,25
encrypt,512,12
decrypt,512,24
encrypt,512,13
decrypt,512,14
encrypt,512,13
decrypt,512,14
encrypt,512,13
decrypt,512,14
encrypt,512,13
decrypt,512,15
encrypt,512,13
decrypt,512,14
encrypt,512,12
decrypt,512,15
encrypt,512,12
decrypt,512,15
encrypt,512,12
decrypt,512,14
encrypt,512,13
decrypt,512,14
encrypt,512,13
decrypt,512,14
encrypt,512,13
decrypt,512,14
encrypt,512,13
decrypt,512,14
encrypt,512,13
decrypt,512,14
encrypt,512,13
decrypt,512,14
encrypt,512,13
decrypt,512,15
encrypt,512,13
decrypt,512,15
encrypt,512,13
decrypt,512,14
encrypt,512,12
decrypt,512,14
encrypt,512,13
decrypt,512,15
encrypt,512,14
decrypt,512,15
encrypt,512,13
decrypt,512,14
encrypt,512,12
decrypt,512,14
encrypt,512,13
decrypt,512,14
encrypt,512,13
decrypt,512,15
encrypt,512,13
decrypt,512,15
encrypt,512,13
decrypt,512,14
encrypt,512,13
decrypt,512,14
encrypt,512,13
decrypt,512,14
encrypt,512,12
decrypt,512,15
encrypt,512,12
decrypt,512,14
encrypt,512,13
decrypt,512,14
encrypt,512,13
decrypt,512,14
encrypt,512,13
decrypt,512,15
encrypt,512,13
decrypt,512,14
encrypt,512,13
decrypt,512,14
encrypt,512,13
decrypt,512,14
encrypt,512,13
decrypt,512,14
encrypt,512,12
decrypt,512,15
encrypt,512,13
decrypt,512,14
encrypt,512,14
decrypt,512,15
encrypt,512,12
decrypt,512,14
encrypt,512,13
decrypt,512,14
encrypt,512,22
decrypt,512,14
encrypt,512,14
decrypt,512,14
encrypt,512,13
decrypt,512,14
encrypt,512,12
decrypt,512,14
encrypt,512,13
decrypt,512,21
encrypt,512,13
decrypt,512,14
encrypt,512,13
decrypt,512,32
encrypt,512,13
decrypt,512,13
encrypt,512,13
decrypt,512,14
encrypt,512,13
decrypt,512,15
encrypt,512,17
decrypt,512,14
encrypt,512,14
decrypt,512,14
encrypt,512,13
decrypt,512,14
encrypt,512,17
decrypt,512,14
encrypt,512,13
decrypt,512,15
encrypt,512,12
decrypt,512,14
encrypt,512,13
decrypt,512,14
encrypt,512,13
decrypt,512,15
encrypt,512,13
decrypt,512,14
encrypt,512,12
decrypt,512,14
encrypt,512,13
decrypt,512,15
encrypt,512,19
decrypt,512,14
encrypt,512,13
decrypt,512,14
encrypt,512,12
decrypt,512,14
encrypt,512,12
decrypt,512,13
encrypt,512,13
decrypt,512,14
encrypt,512,12
decrypt,512,14
encrypt,512,13
decrypt,512,14
encrypt,512,13
decrypt,512,15
encrypt,512,13
decrypt,512,14
encrypt,512,14
decrypt,512,14
encrypt,512,13
decrypt,512,14
encrypt,512,12
decrypt,512,14
encrypt,512,13
decrypt,512,14
encrypt,512,13
decrypt,512,13
encrypt,512,13
decrypt,512,14
encrypt,512,13
decrypt,512,14
encrypt,512,13
decrypt,512,14
encrypt,512,12
decrypt,512,15
encrypt,512,13
decrypt,512,14
encrypt,512,19
decrypt,512,13
encrypt,512,13
decrypt,512,15
encrypt,512,27
decrypt,512,14
encrypt,512,13
decrypt,512,14
encrypt,512,13
decrypt,512,15
encrypt,512,13
decrypt,512,14
encrypt,512,13
decrypt,512,33
encrypt,512,12
decrypt,512,14
encrypt,512,13
decrypt,512,24
encrypt,512,13
decrypt,512,14
encrypt,512,13
decrypt,512,14
encrypt,512,13
decrypt,512,14
encrypt,512,12
decrypt,512,14
encrypt,512,13
decrypt,512,14
encrypt,512,16
decrypt,512,14
encrypt,512,13
decrypt,512,14
encrypt,512,17
decrypt,512,14
encrypt,512,13
decrypt,512,14
encrypt,512,12
decrypt,512,24
encrypt,512,13
decrypt,512,14
encrypt,512,13
decrypt,512,14
encrypt,512,13
decrypt,512,14
encrypt,512,13
decrypt,512,14
encrypt,512,12
decrypt,512,14
encrypt,512,13
decrypt,512,14
encrypt,512,12
decrypt,512,13
encrypt,512,13
decrypt,512,14
encrypt,512,13
decrypt,512,23
encrypt,512,13
decrypt,512,14
encrypt,512,12
decrypt,512,13
encrypt,512,12
decrypt,512,14
encrypt,512,24
decrypt,512,23
encrypt,512,13
decrypt,512,14
encrypt,512,35
decrypt,512,14
encrypt,512,13
decrypt,512,14
encrypt,512,13
decrypt,512,15
encrypt,512,18
decrypt,512,14
encrypt,512,13
decrypt,512,14
encrypt,512,13
decrypt,512,15
encrypt,512,13
decrypt,512,24
encrypt,512,12
decrypt,512,21
encrypt,512,12
decrypt,512,14
encrypt,512,13
decrypt,512,14
encrypt,512,13
decrypt,512,14
encrypt,512,12
decrypt,512,13
encrypt,512,13
decrypt,512,23
encrypt,512,13
decrypt,512,14
encrypt,512,12
decrypt,512,14
encrypt,512,12
decrypt,512,14
encrypt,512,13
decrypt,512,25
encrypt,512,13
decrypt,512,23
encrypt,512,12
decrypt,512,23
encrypt,512,13
decrypt,512,14
encrypt,512,13
decrypt,512,21
encrypt,512,12
decrypt,512,14
encrypt,512,13
decrypt,512,24
encrypt,512,13
decrypt,512,40
encrypt,512,13
decrypt,512,14
encrypt,512,13
decrypt,512,30
encrypt,512,14
decrypt,512,23
encrypt,512,12
decrypt,512,23
encrypt,512,12
decrypt,512,25
encrypt,512,21
decrypt,512,14
encrypt,512,13
decrypt,512,15
encrypt,512,12
decrypt,512,14
encrypt,512,13
decrypt,512,23
encrypt,512,16
decrypt,512,14
encrypt,512,13
decrypt,512,14
encrypt,512,13
decrypt,512,14
encrypt,512,13
decrypt,512,15
encrypt,512,12
decrypt,512,14
encrypt,512,13
decrypt,512,14
encrypt,512,13
decrypt,512,14
encrypt,512,13
decrypt,512,24
encrypt,512,13
decrypt,512,14
encrypt,512,21
decrypt,512,22
encrypt,512,13
decrypt,512,14
encrypt,512,12
decrypt,512,14
encrypt,512,13
decrypt,512,14
encrypt,512,12
decrypt,512,13
encrypt,512,12
decrypt,512,14
encrypt,512,12
decrypt,512,14
encrypt,512,13
decrypt,512,14
encrypt,512,12
decrypt,512,14
encrypt,512,13
decrypt,512,14
encrypt,512,13
decrypt,512,13
encrypt,512,12
decrypt,512,15
encrypt,512,13
decrypt,512,14
encrypt,512,18
decrypt,512,23
encrypt,512,13
decrypt,512,14
encrypt,512,13
decrypt,512,24
encrypt,512,14
decrypt,512,14
encrypt,512,13
decrypt,512,23
encrypt,512,13
decrypt,512,24
encrypt,512,17
decrypt,512,23
encrypt,512,20
decrypt,512,14
encrypt,512,12
decrypt,512,24
encrypt,512,13
decrypt,512,15
encrypt,512,15
decrypt,512,23
encrypt,512,12
decrypt,512,14
encrypt,512,12
decrypt,512,14
encrypt,512,12
decrypt,512,14
encrypt,512,12
decrypt,512,14
encrypt,512,13
decrypt,512,23
encrypt,512,13
decrypt,512,14
encrypt,512,13
decrypt,512,14
encrypt,512,12
decrypt,512,14
encrypt,512,20
decrypt,512,14
encrypt,512,13
decrypt,512,15
encrypt,512,13
decrypt,512,14
encrypt,512,13
decrypt,512,14
encrypt,512,12
decrypt,512,15
encrypt,512,13
decrypt,512,15
encrypt,512,12
decrypt,512,15
encrypt,512,13
decrypt,512,15
encrypt,512,19
decrypt,512,13
encrypt,512,13
decrypt,512,13
encrypt,512,12
decrypt,512,14
encrypt,512,12
decrypt,512,14
encrypt,512,13
decrypt,512,15
encrypt,512,12
decrypt,512,14
encrypt,512,13
decrypt,512,15
encrypt,512,13
decrypt,512,14
encrypt,512,13
decrypt,512,15
encrypt,512,13
decrypt,512,22
encrypt,512,13
decrypt,512,20
encrypt,512,13
decrypt,512,21
encrypt,512,12
decrypt,512,14
encrypt,512,13
decrypt,512,14
encrypt,512,13
decrypt,512,14
encrypt,512,13
decrypt,512,15
encrypt,512,12
decrypt,512,23
encrypt,512,21
decrypt,512,14
encrypt,512,13
decrypt,512,14
encrypt,512,13
decrypt,512,14
encrypt,512,13
decrypt,512,19
encrypt,512,12
decrypt,512,14
encrypt,512,12
decrypt,512,22
encrypt,512,12
decrypt,512,25
encrypt,512,12
decrypt,512,24
encrypt,512,12
decrypt,512,23
encrypt,512,12
decrypt,512,25
encrypt,512,13
decrypt,512,16
encrypt,512,14
decrypt,512,14
encrypt,512,13
decrypt,512,15
encrypt,512,12
decrypt,512,14
encrypt,512,13
decrypt,512,14
encrypt,512,14
decrypt,512,15
encrypt,512,14
decrypt,512,14
encrypt,512,12
decrypt,512,14
encrypt,512,13
decrypt,512,14
encrypt,512,13
decrypt,512,14
encrypt,512,22
decrypt,512,14
encrypt,512,12
decrypt,512,15
encrypt,512,12
decrypt,512,13
encrypt,512,22
decrypt,512,14
encrypt,512,13
decrypt,512,14
encrypt,512,13
decrypt,512,15
encrypt,512,13
decrypt,512,25
encrypt,512,18
decrypt,512,14
encrypt,512,13
decrypt,512,14
encrypt,512,12
decrypt,512,14
encrypt,512,13
decrypt,512,13
encrypt,512,12
decrypt,512,27
encrypt,512,18
decrypt,512,22
encrypt,512,23
decrypt,512,15
encrypt,512,12
decrypt,512,29
encrypt,512,20
decrypt,512,13
encrypt,512,12
decrypt,512,23
encrypt,512,12
decrypt,512,14
encrypt,512,12
decrypt,512,15
encrypt,512,13
decrypt,512,23
encrypt,512,13
decrypt,512,23
encrypt,512,13
decrypt,512,15
encrypt,512,12
decrypt,512,14
encrypt,512,13
decrypt,512,14
encrypt,512,12
decrypt,512,15
encrypt,512,13
decrypt,512,14
encrypt,512,13
decrypt,512,14
encrypt,512,13
decrypt,512,16
encrypt,512,15
decrypt,512,14
encrypt,512,13
decrypt,512,14
encrypt,512,14
decrypt,512,14
encrypt,512,13
decrypt,512,14
encrypt,512,13
decrypt,512,14
encrypt,512,13
decrypt,512,14
encrypt,512,16
decrypt,512,15
encrypt,512,13
decrypt,512,16
encrypt,512,12
decrypt,512,15
encrypt,512,13
decrypt,512,14
encrypt,512,12
decrypt,512,14
encrypt,512,13
decrypt,512,14
encrypt,512,13
decrypt,512,14
encrypt,512,13
decrypt,512,14
encrypt,512,13
decrypt,512,14
encrypt,512,13
decrypt,512,14
encrypt,512,13
decrypt,512,14
encrypt,512,13
decrypt,512,15
encrypt,512,13
decrypt,512,14
encrypt,512,13
decrypt,512,14
encrypt,512,12
decrypt,512,14
encrypt,512,13
decrypt,512,14
encrypt,512,13
decrypt,512,13
encrypt,512,13
decrypt,512,14
encrypt,512,13
decrypt,512,14
encrypt,512,13
decrypt,512,14
encrypt,512,13
decrypt,512,13
encrypt,512,12
decrypt,512,14
encrypt,512,12
decrypt,512,14
encrypt,512,13
decrypt,512,14
encrypt,512,13
decrypt,512,15
encrypt,512,45
decrypt,512,14
encrypt,512,12
decrypt,512,23
encrypt,512,13
decrypt,512,14
encrypt,512,12
decrypt,512,14
encrypt,512,13
decrypt,1024,33
encrypt,1024,22
decrypt,1024,23
encrypt,1024,22
decrypt,1024,22
encrypt,1024,21
decrypt,1024,23
encrypt,1024,21
decrypt,1024,23
encrypt,1024,21
decrypt,1024,23
encrypt,1024,23
decrypt,1024,24
encrypt,1024,23
decrypt,1024,22
encrypt,1024,22
decrypt,1024,24
encrypt,1024,22
decrypt,1024,23
encrypt,1024,37
decrypt,1024,23
encrypt,1024,21
decrypt,1024,23
encrypt,1024,22
decrypt,1024,23
encrypt,1024,22
decrypt,1024,24
encrypt,1024,37
decrypt,1024,32
encrypt,1024,21
decrypt,1024,23
encrypt,1024,21
decrypt,1024,22
encrypt,1024,22
decrypt,1024,23
encrypt,1024,23
decrypt,1024,32
encrypt,1024,22
decrypt,1024,23
encrypt,1024,22
decrypt,1024,23
encrypt,1024,22
decrypt,1024,23
encrypt,1024,22
decrypt,1024,23
encrypt,1024,22
decrypt,1024,22
encrypt,1024,22
decrypt,1024,23
encrypt,1024,23
decrypt,1024,37
encrypt,1024,22
decrypt,1024,23
encrypt,1024,22
decrypt,1024,23
encrypt,1024,22
decrypt,1024,23
encrypt,1024,21
decrypt,1024,25
encrypt,1024,21
decrypt,1024,23
encrypt,1024,22
decrypt,1024,23
encrypt,1024,23
decrypt,1024,23
encrypt,1024,21
decrypt,1024,23
encrypt,1024,22
decrypt,1024,33
encrypt,1024,22
decrypt,1024,32
encrypt,1024,22
decrypt,1024,23
encrypt,1024,22
decrypt,1024,23
encrypt,1024,21
decrypt,1024,33
encrypt,1024,22
decrypt,1024,23
encrypt,1024,22
decrypt,1024,23
encrypt,1024,21
decrypt,1024,32
encrypt,1024,22
decrypt,1024,23
encrypt,1024,23
decrypt,1024,42
encrypt,1024,22
decrypt,1024,32
encrypt,1024,21
decrypt,1024,23
encrypt,1024,22
decrypt,1024,23
encrypt,1024,22
decrypt,1024,32
encrypt,1024,22
decrypt,1024,22
encrypt,1024,22
decrypt,1024,23
encrypt,1024,22
decrypt,1024,23
encrypt,1024,22
decrypt,1024,22
encrypt,1024,22
decrypt,1024,22
encrypt,1024,32
decrypt,1024,33
encrypt,1024,22
decrypt,1024,33
encrypt,1024,44
decrypt,1024,25
encrypt,1024,23
decrypt,1024,45
encrypt,1024,22
decrypt,1024,35
encrypt,1024,22
decrypt,1024,25
encrypt,1024,26
decrypt,1024,23
encrypt,1024,22
decrypt,1024,23
encrypt,1024,32
decrypt,1024,23
encrypt,1024,21
decrypt,1024,23
encrypt,1024,22
decrypt,1024,23
encrypt,1024,22
decrypt,1024,23
encrypt,1024,22
decrypt,1024,43
encrypt,1024,27
decrypt,1024,32
encrypt,1024,22
decrypt,1024,23
encrypt,1024,23
decrypt,1024,42
encrypt,1024,22
decrypt,1024,43
encrypt,1024,22
decrypt,1024,42
encrypt,1024,22
decrypt,1024,24
encrypt,1024,22
decrypt,1024,22
encrypt,1024,22
decrypt,1024,23
encrypt,1024,22
decrypt,1024,22
encrypt,1024,22
decrypt,1024,23
encrypt,1024,22
decrypt,1024,23
encrypt,1024,22
decrypt,1024,23
encrypt,1024,21
decrypt,1024,23
encrypt,1024,21
decrypt,1024,23
encrypt,1024,22
decrypt,1024,23
encrypt,1024,21
decrypt,1024,22
encrypt,1024,22
decrypt,1024,23
encrypt,1024,22
decrypt,1024,36
encrypt,1024,23
decrypt,1024,34
encrypt,1024,23
decrypt,1024,44
encrypt,1024,22
decrypt,1024,40
encrypt,1024,22
decrypt,1024,42
encrypt,1024,21
decrypt,1024,23
encrypt,1024,21
decrypt,1024,22
encrypt,1024,22
decrypt,1024,23
encrypt,1024,22
decrypt,1024,23
encrypt,1024,23
decrypt,1024,23
encrypt,1024,23
decrypt,1024,23
encrypt,1024,22
decrypt,1024,23
encrypt,1024,36
decrypt,1024,24
encrypt,1024,31
decrypt,1024,23
encrypt,1024,22
decrypt,1024,43
encrypt,1024,22
decrypt,1024,39
encrypt,1024,21
decrypt,1024,23
encrypt,1024,21
decrypt,1024,22
encrypt,1024,21
decrypt,1024,23
encrypt,1024,21
decrypt,1024,35
encrypt,1024,22
decrypt,1024,23
encrypt,1024,22
decrypt,1024,35
encrypt,1024,22
decrypt,1024,23
encrypt,1024,22
decrypt,1024,22
encrypt,1024,21
decrypt,1024,23
encrypt,1024,21
decrypt,1024,42
encrypt,1024,22
decrypt,1024,23
encrypt,1024,23
decrypt,1024,23
encrypt,1024,22
decrypt,1024,23
encrypt,1024,22
decrypt,1024,23
encrypt,1024,22
decrypt,1024,23
encrypt,1024,21
decrypt,1024,42
encrypt,1024,22
decrypt,1024,22
encrypt,1024,22
decrypt,1024,24
encrypt,1024,22
decrypt,1024,42
encrypt,1024,22
decrypt,1024,23
encrypt,1024,22
decrypt,1024,23
encrypt,1024,22
decrypt,1024,24
encrypt,1024,22
decrypt,1024,43
encrypt,1024,22
decrypt,1024,33
encrypt,1024,22
decrypt,1024,24
encrypt,1024,23
decrypt,1024,24
encrypt,1024,22
decrypt,1024,27
encrypt,1024,21
decrypt,1024,23
encrypt,1024,22
decrypt,1024,23
encrypt,1024,44
decrypt,1024,23
encrypt,1024,22
decrypt,1024,23
encrypt,1024,23
decrypt,1024,23
encrypt,1024,22
decrypt,1024,24
encrypt,1024,22
decrypt,1024,23
encrypt,1024,23
decrypt,1024,22
encrypt,1024,22
decrypt,1024,23
encrypt,1024,22
decrypt,1024,23
encrypt,1024,22
decrypt,1024,23
encrypt,1024,22
decrypt,1024,22
encrypt,1024,22
decrypt,1024,43
encrypt,1024,22
decrypt,1024,32
encrypt,1024,21
decrypt,1024,23
encrypt,1024,22
decrypt,1024,23
encrypt,1024,23
decrypt,1024,33
encrypt,1024,22
decrypt,1024,22
encrypt,1024,22
decrypt,1024,23
encrypt,1024,22
decrypt,1024,42
encrypt,1024,23
decrypt,1024,25
encrypt,1024,22
decrypt,1024,22
encrypt,1024,23
decrypt,1024,23
encrypt,1024,22
decrypt,1024,23
encrypt,1024,23
decrypt,1024,43
encrypt,1024,23
decrypt,1024,23
encrypt,1024,22
decrypt,1024,24
encrypt,1024,22
decrypt,1024,43
encrypt,1024,22
decrypt,1024,22
encrypt,1024,22
decrypt,1024,43
encrypt,1024,22
decrypt,1024,43
encrypt,1024,21
decrypt,1024,24
encrypt,1024,23
decrypt,1024,23
encrypt,1024,24
decrypt,1024,41
encrypt,1024,34
decrypt,1024,24
encrypt,1024,22
decrypt,1024,35
encrypt,1024,23
decrypt,1024,23
encrypt,1024,22
decrypt,1024,22
encrypt,1024,23
decrypt,1024,24
encrypt,1024,22
decrypt,1024,23
encrypt,1024,21
decrypt,1024,23
encrypt,1024,22
decrypt,1024,23
encrypt,1024,22
decrypt,1024,32
encrypt,1024,23
decrypt,1024,22
encrypt,1024,22
decrypt,1024,32
encrypt,1024,21
decrypt,1024,22
encrypt,1024,22
decrypt,1024,31
encrypt,1024,37
decrypt,1024,29
encrypt,1024,21
decrypt,1024,23
encrypt,1024,22
decrypt,1024,22
encrypt,1024,22
decrypt,1024,23
encrypt,1024,21
decrypt,1024,24
encrypt,1024,21
decrypt,1024,23
encrypt,1024,22
decrypt,1024,23
encrypt,1024,21
decrypt,1024,23
encrypt,1024,21
decrypt,1024,31
encrypt,1024,22
decrypt,1024,37
encrypt,1024,22
decrypt,1024,39
encrypt,1024,22
decrypt,1024,22
encrypt,1024,22
decrypt,1024,23
encrypt,1024,21
decrypt,1024,32
encrypt,1024,21
decrypt,1024,23
encrypt,1024,22
decrypt,1024,23
encrypt,1024,22
decrypt,1024,32
encrypt,1024,21
decrypt,1024,32
encrypt,1024,21
decrypt,1024,32
encrypt,1024,22
decrypt,1024,43
encrypt,1024,21
decrypt,1024,23
encrypt,1024,22
decrypt,1024,23
encrypt,1024,22
decrypt,1024,32
encrypt,1024,21
decrypt,1024,22
encrypt,1024,22
decrypt,1024,23
encrypt,1024,22
decrypt,1024,22
encrypt,1024,22
decrypt,1024,22
encrypt,1024,22
decrypt,1024,32
encrypt,1024,22
decrypt,1024,23
encrypt,1024,22
decrypt,1024,43
encrypt,1024,22
decrypt,1024,23
encrypt,1024,22
decrypt,1024,32
encrypt,1024,22
decrypt,1024,23
encrypt,1024,21
decrypt,1024,26
encrypt,1024,22
decrypt,1024,23
encrypt,1024,28
decrypt,1024,22
encrypt,1024,22
decrypt,1024,24
encrypt,1024,23
decrypt,1024,22
encrypt,1024,22
decrypt,1024,22
encrypt,1024,22
decrypt,1024,27
encrypt,1024,22
decrypt,1024,43
encrypt,1024,22
decrypt,1024,23
encrypt,1024,22
decrypt,1024,23
encrypt,1024,22
decrypt,1024,33
encrypt,1024,22
decrypt,1024,32
encrypt,1024,26
decrypt,1024,22
encrypt,1024,22
decrypt,1024,23
encrypt,1024,22
decrypt,1024,23
encrypt,1024,21
decrypt,1024,22
encrypt,1024,21
decrypt,1024,33
encrypt,1024,22
decrypt,1024,22
encrypt,1024,21
decrypt,1024,23
encrypt,1024,22
decrypt,1024,32
encrypt,1024,22
decrypt,1024,32
encrypt,1024,22
decrypt,1024,31
encrypt,1024,23
decrypt,1024,31
encrypt,1024,22
decrypt,1024,24
encrypt,1024,23
decrypt,1024,32
encrypt,1024,22
decrypt,1024,33
encrypt,1024,23
decrypt,1024,33
encrypt,1024,22
decrypt,1024,23
encrypt,1024,22
decrypt,1024,23
encrypt,1024,22
decrypt,1024,33
encrypt,1024,22
decrypt,1024,23
encrypt,1024,23
decrypt,1024,32
encrypt,1024,22
decrypt,1024,42
encrypt,1024,22
decrypt,1024,23
encrypt,1024,22
decrypt,1024,27
encrypt,1024,22
decrypt,1024,23
encrypt,1024,21
decrypt,1024,23
encrypt,1024,22
decrypt,1024,23
encrypt,1024,22
decrypt,1024,43
encrypt,1024,22
decrypt,1024,23
encrypt,1024,22
decrypt,1024,23
encrypt,1024,39
decrypt,1024,22
encrypt,1024,22
decrypt,1024,23
encrypt,1024,22
decrypt,1024,22
encrypt,1024,22
decrypt,1024,23
encrypt,1024,24
decrypt,1024,22
encrypt,1024,23
decrypt,1024,23
encrypt,1024,22
decrypt,1024,23
encrypt,1024,23
decrypt,1024,32
encrypt,1024,28
decrypt,1024,23
encrypt,1024,21
decrypt,1024,42
encrypt,1024,22
decrypt,1024,43
encrypt,1024,22
decrypt,1024,23
encrypt,1024,22
decrypt,1024,37
encrypt,1024,22
decrypt,1024,39
encrypt,1024,21
decrypt,1024,70
encrypt,1024,21
decrypt,1024,35
encrypt,1024,22
decrypt,1024,36
encrypt,1024,22
decrypt,1024,23
encrypt,1024,46
decrypt,1024,22
encrypt,1024,22
decrypt,1024,23
encrypt,1024,22
decrypt,1024,22
encrypt,1024,22
decrypt,1024,22
encrypt,1024,21
decrypt,1024,22
encrypt,1024,22
decrypt,1024,33
encrypt,1024,22
decrypt,1024,22
encrypt,1024,21
decrypt,1024,23
encrypt,1024,21
decrypt,1024,33
encrypt,1024,26
decrypt,1024,23
encrypt,1024,22
decrypt,1024,23
encrypt,1024,22
decrypt,1024,32
encrypt,1024,21
decrypt,1024,32
encrypt,1024,22
decrypt,1024,32
encrypt,1024,22
decrypt,1024,22
encrypt,1024,21
decrypt,1024,23
encrypt,1024,22
decrypt,1024,22
encrypt,1024,22
decrypt,1024,32
encrypt,1024,22
decrypt,1024,22
encrypt,1024,22
decrypt,1024,32
encrypt,1024,21
decrypt,1024,23
encrypt,1024,22
decrypt,1024,23
encrypt,1024,22
decrypt,1024,23
encrypt,1024,21
decrypt,1024,23
encrypt,1024,21
decrypt,1024,23
encrypt,1024,31
decrypt,1024,32
encrypt,1024,22
decrypt,1024,23
encrypt,1024,22
decrypt,1024,23
encrypt,1024,21
decrypt,1024,23
encrypt,1024,22
decrypt,1024,22
encrypt,1024,25
decrypt,1024,43
encrypt,1024,23
decrypt,1024,23
encrypt,1024,22
decrypt,1024,23
encrypt,1024,21
decrypt,1024,23
encrypt,1024,22
decrypt,1024,33
encrypt,1024,22
decrypt,1024,32
encrypt,1024,21
decrypt,1024,23
encrypt,1024,22
decrypt,1024,22
encrypt,1024,21
decrypt,1024,43
encrypt,1024,21
decrypt,1024,23
encrypt,1024,22
decrypt,1024,23
encrypt,1024,22
decrypt,1024,22
encrypt,1024,22
decrypt,1024,23
encrypt,1024,22
decrypt,1024,33
encrypt,1024,22
decrypt,1024,33
encrypt,1024,21
decrypt,1024,23
encrypt,1024,22
decrypt,1024,23
encrypt,1024,21
decrypt,1024,31
encrypt,1024,22
decrypt,1024,23
encrypt,1024,21
decrypt,1024,23
encrypt,1024,30
decrypt,1024,23
encrypt,1024,22
decrypt,1024,23
encrypt,1024,22
decrypt,1024,23
encrypt,1024,22
decrypt,1024,22
encrypt,1024,22
decrypt,1024,23
encrypt,1024,22
decrypt,1024,32
encrypt,1024,39
decrypt,1024,22
encrypt,1024,21
decrypt,1024,32
encrypt,1024,26
decrypt,1024,22
encrypt,1024,21
decrypt,1024,22
encrypt,1024,21
decrypt,1024,33
encrypt,1024,21
decrypt,1024,22
encrypt,1024,21
decrypt,1024,32
encrypt,1024,22
decrypt,1024,22
encrypt,1024,22
decrypt,1024,32
encrypt,1024,22
decrypt,1024,22
encrypt,1024,22
decrypt,1024,22
encrypt,1024,22
decrypt,1024,23
encrypt,1024,21
decrypt,1024,25
encrypt,1024,22
decrypt,1024,23
encrypt,1024,21
decrypt,1024,24
encrypt,1024,21
decrypt,1024,23
encrypt,1024,21
decrypt,1024,22
encrypt,1024,34
decrypt,1024,23
encrypt,1024,22
decrypt,1024,22
encrypt,1024,22
decrypt,1024,23
encrypt,1024,22
decrypt,1024,23
encrypt,1024,22
decrypt,1024,42
encrypt,1024,21
decrypt,1024,23
encrypt,1024,22
decrypt,1024,32
encrypt,1024,21
decrypt,1024,22
encrypt,1024,22
decrypt,1024,23
encrypt,1024,22
decrypt,1024,22
encrypt,1024,21
decrypt,1024,23
encrypt,1024,22
decrypt,1024,32
encrypt,1024,22
decrypt,1024,23
encrypt,1024,21
decrypt,1024,23
encrypt,1024,22
decrypt,1024,32
encrypt,1024,21
decrypt,1024,23
encrypt,1024,21
decrypt,1024,23
encrypt,1024,21
decrypt,1024,23
encrypt,1024,21
decrypt,1024,22
encrypt,1024,21
decrypt,1024,22
encrypt,1024,23
decrypt,1024,23
encrypt,1024,26
decrypt,1024,31
encrypt,1024,22
decrypt,1024,23
encrypt,1024,22
decrypt,1024,22
encrypt,1024,22
decrypt,1024,22
encrypt,1024,22
decrypt,1024,32
encrypt,1024,22
decrypt,1024,33
encrypt,1024,21
decrypt,1024,23
encrypt,1024,35
decrypt,1024,23
encrypt,1024,22
decrypt,1024,22
encrypt,1024,22
decrypt,1024,22
encrypt,1024,22
decrypt,1024,32
encrypt,1024,22
decrypt,1024,32
encrypt,1024,22
decrypt,1024,23
encrypt,1024,22
decrypt,1024,22
encrypt,1024,22
decrypt,1024,22
encrypt,1024,22
decrypt,1024,23
encrypt,1024,21
decrypt,1024,34
encrypt,1024,22
decrypt,1024,32
encrypt,1024,22
decrypt,1024,33
encrypt,1024,22
decrypt,1024,23
encrypt,1024,22
decrypt,1024,23
encrypt,1024,21
decrypt,1024,32
encrypt,1024,22
decrypt,1024,23
encrypt,1024,21
decrypt,1024,22
encrypt,1024,22
decrypt,1024,22
encrypt,1024,21
decrypt,1024,22
encrypt,1024,21
decrypt,1024,22
encrypt,1024,22
decrypt,1024,32
encrypt,1024,22
decrypt,1024,23
encrypt,1024,22
decrypt,1024,31
encrypt,1024,22
decrypt,1024,32
encrypt,1024,22
decrypt,1024,23
encrypt,1024,22
decrypt,1024,23
encrypt,1024,22
decrypt,1024,32
encrypt,1024,22
decrypt,1024,22
encrypt,1024,22
decrypt,1024,23
encrypt,1024,21
decrypt,1024,24
encrypt,1024,22
decrypt,1024,23
encrypt,1024,22
decrypt,1024,23
encrypt,1024,21
decrypt,1024,22
encrypt,1024,22
decrypt,1024,32
encrypt,1024,21
decrypt,2048,40
encrypt,2048,40
decrypt,2048,40
encrypt,2048,39
decrypt,2048,39
encrypt,2048,40
decrypt,2048,41
encrypt,2048,40
decrypt,2048,40
encrypt,2048,40
decrypt,2048,41
encrypt,2048,39
decrypt,2048,39
encrypt,2048,39
decrypt,2048,40
encrypt,2048,39
decrypt,2048,59
encrypt,2048,38
decrypt,2048,40
encrypt,2048,39
decrypt,2048,40
encrypt,2048,39
decrypt,2048,40
encrypt,2048,40
decrypt,2048,64
encrypt,2048,40
decrypt,2048,40
encrypt,2048,39
decrypt,2048,50
encrypt,2048,40
decrypt,2048,40
encrypt,2048,39
decrypt,2048,41
encrypt,2048,40
decrypt,2048,41
encrypt,2048,40
decrypt,2048,40
encrypt,2048,39
decrypt,2048,40
encrypt,2048,40
decrypt,2048,40
encrypt,2048,39
decrypt,2048,40
encrypt,2048,40
decrypt,2048,60
encrypt,2048,40
decrypt,2048,41
encrypt,2048,39
decrypt,2048,40
encrypt,2048,40
decrypt,2048,59
encrypt,2048,40
decrypt,2048,60
encrypt,2048,40
decrypt,2048,41
encrypt,2048,40
decrypt,2048,41
encrypt,2048,39
decrypt,2048,40
encrypt,2048,40
decrypt,2048,60
encrypt,2048,40
decrypt,2048,40
encrypt,2048,48
decrypt,2048,49
encrypt,2048,40
decrypt,2048,41
encrypt,2048,40
decrypt,2048,60
encrypt,2048,39
decrypt,2048,40
encrypt,2048,39
decrypt,2048,60
encrypt,2048,40
decrypt,2048,40
encrypt,2048,41
decrypt,2048,40
encrypt,2048,39
decrypt,2048,41
encrypt,2048,40
decrypt,2048,40
encrypt,2048,40
decrypt,2048,60
encrypt,2048,40
decrypt,2048,40
encrypt,2048,40
decrypt,2048,40
encrypt,2048,39
decrypt,2048,60
encrypt,2048,40
decrypt,2048,60
encrypt,2048,40
decrypt,2048,60
encrypt,2048,39
decrypt,2048,41
encrypt,2048,40
decrypt,2048,40
encrypt,2048,39
decrypt,2048,40
encrypt,2048,39
decrypt,2048,40
encrypt,2048,39
decrypt,2048,40
encrypt,2048,40
decrypt,2048,40
encrypt,2048,40
decrypt,2048,40
encrypt,2048,40
decrypt,2048,40
encrypt,2048,40
decrypt,2048,40
encrypt,2048,40
decrypt,2048,40
encrypt,2048,39
decrypt,2048,40
encrypt,2048,40
decrypt,2048,59
encrypt,2048,40
decrypt,2048,40
encrypt,2048,40
decrypt,2048,40
encrypt,2048,40
decrypt,2048,40
encrypt,2048,39
decrypt,2048,40
encrypt,2048,38
decrypt,2048,40
encrypt,2048,39
decrypt,2048,40
encrypt,2048,40
decrypt,2048,40
encrypt,2048,39
decrypt,2048,59
encrypt,2048,41
decrypt,2048,40
encrypt,2048,40
decrypt,2048,39
encrypt,2048,39
decrypt,2048,40
encrypt,2048,40
decrypt,2048,40
encrypt,2048,40
decrypt,2048,40
encrypt,2048,39
decrypt,2048,48
encrypt,2048,39
decrypt,2048,59
encrypt,2048,39
decrypt,2048,61
encrypt,2048,39
decrypt,2048,49
encrypt,2048,39
decrypt,2048,39
encrypt,2048,39
decrypt,2048,39
encrypt,2048,39
decrypt,2048,40
encrypt,2048,40
decrypt,2048,60
encrypt,2048,40
decrypt,2048,41
encrypt,2048,40
decrypt,2048,50
encrypt,2048,41
decrypt,2048,40
encrypt,2048,40
decrypt,2048,41
encrypt,2048,39
decrypt,2048,61
encrypt,2048,39
decrypt,2048,40
encrypt,2048,39
decrypt,2048,40
encrypt,2048,40
decrypt,2048,40
encrypt,2048,40
decrypt,2048,40
encrypt,2048,41
decrypt,2048,71
encrypt,2048,39
decrypt,2048,75
encrypt,2048,42
decrypt,2048,75
encrypt,2048,70
decrypt,2048,57
encrypt,2048,41
decrypt,2048,50
encrypt,2048,39
decrypt,2048,60
encrypt,2048,40
decrypt,2048,40
encrypt,2048,40
decrypt,2048,60
encrypt,2048,39
decrypt,2048,60
encrypt,2048,40
decrypt,2048,61
encrypt,2048,40
decrypt,2048,41
encrypt,2048,39
decrypt,2048,61
encrypt,2048,40
decrypt,2048,61
encrypt,2048,39
decrypt,2048,60
encrypt,2048,40
decrypt,2048,61
encrypt,2048,39
decrypt,2048,50
encrypt,2048,50
decrypt,2048,40
encrypt,2048,40
decrypt,2048,60
encrypt,2048,50
decrypt,2048,40
encrypt,2048,41
decrypt,2048,41
encrypt,2048,40
decrypt,2048,42
encrypt,2048,39
decrypt,2048,40
encrypt,2048,39
decrypt,2048,51
encrypt,2048,40
decrypt,2048,51
encrypt,2048,40
decrypt,2048,60
encrypt,2048,41
decrypt,2048,61
encrypt,2048,40
decrypt,2048,59
encrypt,2048,41
decrypt,2048,61
encrypt,2048,40
decrypt,2048,40
encrypt,2048,40
decrypt,2048,40
encrypt,2048,40
decrypt,2048,41
encrypt,2048,40
decrypt,2048,60
encrypt,2048,40
decrypt,2048,51
encrypt,2048,40
decrypt,2048,60
encrypt,2048,40
decrypt,2048,40
encrypt,2048,40
decrypt,2048,41
encrypt,2048,40
decrypt,2048,60
encrypt,2048,40
decrypt,2048,59
encrypt,2048,40
decrypt,2048,60
encrypt,2048,41
decrypt,2048,41
encrypt,2048,40
decrypt,2048,60
encrypt,2048,39
decrypt,2048,41
encrypt,2048,41
decrypt,2048,41
encrypt,2048,40
decrypt,2048,60
encrypt,2048,40
decrypt,2048,59
encrypt,2048,40
decrypt,2048,65
encrypt,2048,40
decrypt,2048,61
encrypt,2048,40
decrypt,2048,59
encrypt,2048,40
decrypt,2048,60
encrypt,2048,40
decrypt,2048,40
encrypt,2048,42
decrypt,2048,41
encrypt,2048,41
decrypt,2048,61
encrypt,2048,39
decrypt,2048,41
encrypt,2048,40
decrypt,2048,40
encrypt,2048,40
decrypt,2048,41
encrypt,2048,40
decrypt,2048,60
encrypt,2048,40
decrypt,2048,60
encrypt,2048,41
decrypt,2048,59
encrypt,2048,41
decrypt,2048,40
encrypt,2048,39
decrypt,2048,41
encrypt,2048,39
decrypt,2048,50
encrypt,2048,40
decrypt,2048,60
encrypt,2048,40
decrypt,2048,61
encrypt,2048,40
decrypt,2048,41
encrypt,2048,39
decrypt,2048,71
encrypt,2048,41
decrypt,2048,40
encrypt,2048,40
decrypt,2048,62
encrypt,2048,39
decrypt,2048,40
encrypt,2048,40
decrypt,2048,60
encrypt,2048,40
decrypt,2048,39
encrypt,2048,40
decrypt,2048,59
encrypt,2048,39
decrypt,2048,40
encrypt,2048,40
decrypt,2048,59
encrypt,2048,39
decrypt,2048,41
encrypt,2048,41
decrypt,2048,40
encrypt,2048,41
decrypt,2048,40
encrypt,2048,41
decrypt,2048,41
encrypt,2048,41
decrypt,2048,41
encrypt,2048,51
decrypt,2048,40
encrypt,2048,39
decrypt,2048,61
encrypt,2048,40
decrypt,2048,60
encrypt,2048,40
decrypt,2048,40
encrypt,2048,41
decrypt,2048,61
encrypt,2048,39
decrypt,2048,60
encrypt,2048,40
decrypt,2048,60
encrypt,2048,39
decrypt,2048,51
encrypt,2048,40
decrypt,2048,60
encrypt,2048,40
decrypt,2048,60
encrypt,2048,40
decrypt,2048,41
encrypt,2048,40
decrypt,2048,40
encrypt,2048,41
decrypt,2048,50
encrypt,2048,40
decrypt,2048,61
encrypt,2048,40
decrypt,2048,60
encrypt,2048,41
decrypt,2048,61
encrypt,2048,40
decrypt,2048,60
encrypt,2048,40
decrypt,2048,59
encrypt,2048,40
decrypt,2048,59
encrypt,2048,40
decrypt,2048,41
encrypt,2048,40
decrypt,2048,42
encrypt,2048,40
decrypt,2048,40
encrypt,2048,40
decrypt,2048,60
encrypt,2048,40
decrypt,2048,40
encrypt,2048,39
decrypt,2048,40
encrypt,2048,40
decrypt,2048,41
encrypt,2048,40
decrypt,2048,60
encrypt,2048,41
decrypt,2048,40
encrypt,2048,40
decrypt,2048,41
encrypt,2048,40
decrypt,2048,60
encrypt,2048,40
decrypt,2048,40
encrypt,2048,39
decrypt,2048,41
encrypt,2048,40
decrypt,2048,40
encrypt,2048,41
decrypt,2048,40
encrypt,2048,39
decrypt,2048,40
encrypt,2048,41
decrypt,2048,40
encrypt,2048,41
decrypt,2048,61
encrypt,2048,40
decrypt,2048,40
encrypt,2048,40
decrypt,2048,39
encrypt,2048,40
decrypt,2048,40
encrypt,2048,41
decrypt,2048,41
encrypt,2048,39
decrypt,2048,60
encrypt,2048,40
decrypt,2048,60
encrypt,2048,39
decrypt,2048,40
encrypt,2048,40
decrypt,2048,61
encrypt,2048,41
decrypt,2048,60
encrypt,2048,40
decrypt,2048,60
encrypt,2048,39
decrypt,2048,60
encrypt,2048,40
decrypt,2048,40
encrypt,2048,75
decrypt,2048,42
encrypt,2048,39
decrypt,2048,60
encrypt,2048,39
decrypt,2048,61
encrypt,2048,40
decrypt,2048,41
encrypt,2048,40
decrypt,2048,40
encrypt,2048,40
decrypt,2048,40
encrypt,2048,41
decrypt,2048,40
encrypt,2048,40
decrypt,2048,40
encrypt,2048,40
decrypt,2048,60
encrypt,2048,40
decrypt,2048,41
encrypt,2048,40
decrypt,2048,41
encrypt,2048,41
decrypt,2048,60
encrypt,2048,40
decrypt,2048,40
encrypt,2048,64
decrypt,2048,41
encrypt,2048,40
decrypt,2048,60
encrypt,2048,40
decrypt,2048,59
encrypt,2048,40
decrypt,2048,62
encrypt,2048,40
decrypt,2048,51
encrypt,2048,74
decrypt,2048,41
encrypt,2048,40
decrypt,2048,41
encrypt,2048,40
decrypt,2048,41
encrypt,2048,40
decrypt,2048,60
encrypt,2048,70
decrypt,2048,39
encrypt,2048,40
decrypt,2048,60
encrypt,2048,40
decrypt,2048,58
encrypt,2048,40
decrypt,2048,60
encrypt,2048,39
decrypt,2048,60
encrypt,2048,40
decrypt,2048,60
encrypt,2048,41
decrypt,2048,60
encrypt,2048,40
decrypt,2048,41
encrypt,2048,41
decrypt,2048,40
encrypt,2048,40
decrypt,2048,41
encrypt,2048,40
decrypt,2048,61
encrypt,2048,40
decrypt,2048,40
encrypt,2048,39
decrypt,2048,41
encrypt,2048,39
decrypt,2048,60
encrypt,2048,41
decrypt,2048,60
encrypt,2048,40
decrypt,2048,40
encrypt,2048,40
decrypt,2048,40
encrypt,2048,40
decrypt,2048,41
encrypt,2048,38
decrypt,2048,40
encrypt,2048,40
decrypt,2048,42
encrypt,2048,40
decrypt,2048,60
encrypt,2048,40
decrypt,2048,60
encrypt,2048,40
decrypt,2048,41
encrypt,2048,39
decrypt,2048,42
encrypt,2048,39
decrypt,2048,60
encrypt,2048,40
decrypt,2048,40
encrypt,2048,40
decrypt,2048,41
encrypt,2048,40
decrypt,2048,60
encrypt,2048,40
decrypt,2048,60
encrypt,2048,40
decrypt,2048,41
encrypt,2048,40
decrypt,2048,61
encrypt,2048,40
decrypt,2048,40
encrypt,2048,40
decrypt,2048,40
encrypt,2048,40
decrypt,2048,60
encrypt,2048,39
decrypt,2048,61
encrypt,2048,40
decrypt,2048,61
encrypt,2048,44
decrypt,2048,43
encrypt,2048,40
decrypt,2048,40
encrypt,2048,40
decrypt,2048,61
encrypt,2048,40
decrypt,2048,53
encrypt,2048,40
decrypt,2048,60
encrypt,2048,41
decrypt,2048,60
encrypt,2048,39
decrypt,2048,60
encrypt,2048,40
decrypt,2048,59
encrypt,2048,39
decrypt,2048,60
encrypt,2048,39
decrypt,2048,60
encrypt,2048,39
decrypt,2048,42
encrypt,2048,41
decrypt,2048,40
encrypt,2048,40
decrypt,2048,61
encrypt,2048,40
decrypt,2048,59
encrypt,2048,39
decrypt,2048,62
encrypt,2048,40
decrypt,2048,61
encrypt,2048,41
decrypt,2048,40
encrypt,2048,40
decrypt,2048,41
encrypt,2048,40
decrypt,2048,61
encrypt,2048,40
decrypt,2048,61
encrypt,2048,40
decrypt,2048,40
encrypt,2048,40
decrypt,2048,60
encrypt,2048,40
decrypt,2048,59
encrypt,2048,40
decrypt,2048,60
encrypt,2048,39
decrypt,2048,62
encrypt,2048,40
decrypt,2048,60
encrypt,2048,40
decrypt,2048,60
encrypt,2048,40
decrypt,2048,60
encrypt,2048,39
decrypt,2048,61
encrypt,2048,39
decrypt,2048,41
encrypt,2048,41
decrypt,2048,40
encrypt,2048,40
decrypt,2048,60
encrypt,2048,39
decrypt,2048,41
encrypt,2048,39
decrypt,2048,41
encrypt,2048,41
decrypt,2048,40
encrypt,2048,39
decrypt,2048,41
encrypt,2048,41
decrypt,2048,74
encrypt,2048,41
decrypt,2048,60
encrypt,2048,40
decrypt,2048,61
encrypt,2048,39
decrypt,2048,41
encrypt,2048,40
decrypt,2048,61
encrypt,2048,40
decrypt,2048,41
encrypt,2048,40
decrypt,2048,60
encrypt,2048,40
decrypt,2048,58
encrypt,2048,40
decrypt,2048,60
encrypt,2048,40
decrypt,2048,60
encrypt,2048,42
decrypt,2048,49
encrypt,2048,39
decrypt,2048,60
encrypt,2048,40
decrypt,2048,49
encrypt,2048,39
decrypt,2048,49
encrypt,2048,40
decrypt,2048,60
encrypt,2048,40
decrypt,2048,63
encrypt,2048,40
decrypt,2048,60
encrypt,2048,39
decrypt,2048,60
encrypt,2048,40
decrypt,2048,60
encrypt,2048,40
decrypt,2048,51
encrypt,2048,39
decrypt,2048,41
encrypt,2048,40
decrypt,2048,60
encrypt,2048,40
decrypt,2048,40
encrypt,2048,40
decrypt,2048,59
encrypt,2048,39
decrypt,2048,39
encrypt,2048,39
decrypt,2048,40
encrypt,2048,41
decrypt,2048,41
encrypt,2048,39
decrypt,2048,41
encrypt,2048,40
decrypt,2048,41
encrypt,2048,40
decrypt,2048,41
encrypt,2048,40
decrypt,2048,60
encrypt,2048,40
decrypt,2048,63
encrypt,2048,41
decrypt,2048,64
encrypt,2048,40
decrypt,2048,40
encrypt,2048,40
decrypt,2048,40
encrypt,2048,40
decrypt,2048,61
encrypt,2048,39
decrypt,2048,41
encrypt,2048,40
decrypt,2048,60
encrypt,2048,39
decrypt,2048,41
encrypt,2048,40
decrypt,2048,40
encrypt,2048,39
decrypt,2048,61
encrypt,2048,39
decrypt,2048,60
encrypt,2048,40
decrypt,2048,41
encrypt,2048,40
decrypt,2048,40
encrypt,2048,40
decrypt,2048,40
encrypt,2048,40
decrypt,2048,60
encrypt,2048,40
decrypt,2048,61
encrypt,2048,40
decrypt,2048,60
encrypt,2048,40
decrypt,2048,60
encrypt,2048,39
decrypt,2048,41
encrypt,2048,40
decrypt,2048,50
encrypt,2048,40
decrypt,2048,41
encrypt,2048,39
decrypt,2048,41
encrypt,2048,40
decrypt,2048,40
encrypt,2048,39
decrypt,2048,61
encrypt,2048,40
decrypt,2048,61
encrypt,2048,40
decrypt,2048,41
encrypt,2048,40
decrypt,2048,45
encrypt,2048,41
decrypt,2048,41
encrypt,2048,40
decrypt,2048,41
encrypt,2048,40
decrypt,2048,63
encrypt,2048,40
decrypt,2048,41
encrypt,2048,40
decrypt,2048,40
encrypt,2048,40
decrypt,2048,40
encrypt,2048,40
decrypt,2048,41
encrypt,2048,40
decrypt,2048,60
encrypt,2048,40
decrypt,2048,61
encrypt,2048,62
decrypt,2048,60
encrypt,2048,40
decrypt,2048,40
encrypt,2048,40
decrypt,2048,40
encrypt,2048,40
decrypt,2048,60
encrypt,2048,41
decrypt,2048,42
encrypt,2048,39
decrypt,2048,60
encrypt,2048,40
decrypt,2048,62
encrypt,2048,40
decrypt,2048,60
encrypt,2048,40
decrypt,2048,60
encrypt,2048,38
decrypt,2048,51
encrypt,2048,40
decrypt,2048,60
encrypt,2048,40
decrypt,2048,41
encrypt,2048,40
decrypt,2048,60
encrypt,2048,39
decrypt,2048,41
encrypt,2048,41
decrypt,2048,41
encrypt,2048,40
decrypt,2048,40
encrypt,2048,40
decrypt,2048,49
encrypt,2048,40
decrypt,2048,60
encrypt,2048,40
decrypt,2048,40
encrypt,2048,40
decrypt,2048,51
encrypt,2048,40
decrypt,2048,41
encrypt,2048,40
decrypt,2048,41
encrypt,2048,40
decrypt,2048,42
encrypt,2048,40
decrypt,4096,75
encrypt,4096,115
decrypt,4096,75
encrypt,4096,78
decrypt,4096,95
encrypt,4096,77
decrypt,4096,95
encrypt,4096,77
decrypt,4096,115
encrypt,4096,76
decrypt,4096,95
encrypt,4096,75
decrypt,4096,95
encrypt,4096,75
decrypt,4096,95
encrypt,4096,78
decrypt,4096,74
encrypt,4096,77
decrypt,4096,79
encrypt,4096,77
decrypt,4096,77
encrypt,4096,77
decrypt,4096,76
encrypt,4096,76
decrypt,4096,96
encrypt,4096,75
decrypt,4096,76
encrypt,4096,76
decrypt,4096,96
encrypt,4096,77
decrypt,4096,77
encrypt,4096,77
decrypt,4096,74
encrypt,4096,77
decrypt,4096,75
encrypt,4096,77
decrypt,4096,77
encrypt,4096,75
decrypt,4096,75
encrypt,4096,85
decrypt,4096,138
encrypt,4096,76
decrypt,4096,76
encrypt,4096,76
decrypt,4096,75
encrypt,4096,76
decrypt,4096,74
encrypt,4096,76
decrypt,4096,95
encrypt,4096,76
decrypt,4096,95
encrypt,4096,76
decrypt,4096,75
encrypt,4096,76
decrypt,4096,75
encrypt,4096,76
decrypt,4096,77
encrypt,4096,77
decrypt,4096,95
encrypt,4096,76
decrypt,4096,75
encrypt,4096,77
decrypt,4096,75
encrypt,4096,77
decrypt,4096,94
encrypt,4096,77
decrypt,4096,75
encrypt,4096,75
decrypt,4096,76
encrypt,4096,78
decrypt,4096,94
encrypt,4096,76
decrypt,4096,96
encrypt,4096,87
decrypt,4096,96
encrypt,4096,77
decrypt,4096,76
encrypt,4096,77
decrypt,4096,76
encrypt,4096,76
decrypt,4096,77
encrypt,4096,77
decrypt,4096,80
encrypt,4096,77
decrypt,4096,96
encrypt,4096,76
decrypt,4096,76
encrypt,4096,77
decrypt,4096,75
encrypt,4096,77
decrypt,4096,76
encrypt,4096,76
decrypt,4096,75
encrypt,4096,76
decrypt,4096,96
encrypt,4096,76
decrypt,4096,76
encrypt,4096,77
decrypt,4096,75
encrypt,4096,76
decrypt,4096,76
encrypt,4096,77
decrypt,4096,75
encrypt,4096,76
decrypt,4096,96
encrypt,4096,77
decrypt,4096,95
encrypt,4096,76
decrypt,4096,75
encrypt,4096,77
decrypt,4096,97
encrypt,4096,77
decrypt,4096,76
encrypt,4096,77
decrypt,4096,76
encrypt,4096,76
decrypt,4096,74
encrypt,4096,76
decrypt,4096,76
encrypt,4096,77
decrypt,4096,96
encrypt,4096,76
decrypt,4096,77
encrypt,4096,75
decrypt,4096,76
encrypt,4096,76
decrypt,4096,75
encrypt,4096,76
decrypt,4096,97
encrypt,4096,76
decrypt,4096,75
encrypt,4096,76
decrypt,4096,77
encrypt,4096,80
decrypt,4096,74
encrypt,4096,76
decrypt,4096,76
encrypt,4096,76
decrypt,4096,98
encrypt,4096,76
decrypt,4096,73
encrypt,4096,76
decrypt,4096,74
encrypt,4096,76
decrypt,4096,75
encrypt,4096,76
decrypt,4096,76
encrypt,4096,75
decrypt,4096,96
encrypt,4096,75
decrypt,4096,75
encrypt,4096,78
decrypt,4096,75
encrypt,4096,83
decrypt,4096,76
encrypt,4096,76
decrypt,4096,74
encrypt,4096,76
decrypt,4096,95
encrypt,4096,77
decrypt,4096,75
encrypt,4096,76
decrypt,4096,75
encrypt,4096,75
decrypt,4096,96
encrypt,4096,76
decrypt,4096,95
encrypt,4096,76
decrypt,4096,96
encrypt,4096,76
decrypt,4096,77
encrypt,4096,76
decrypt,4096,97
encrypt,4096,76
decrypt,4096,95
encrypt,4096,76
decrypt,4096,97
encrypt,4096,77
decrypt,4096,96
encrypt,4096,78
decrypt,4096,95
encrypt,4096,76
decrypt,4096,74
encrypt,4096,77
decrypt,4096,75
encrypt,4096,75
decrypt,4096,96
encrypt,4096,77
decrypt,4096,95
encrypt,4096,77
decrypt,4096,76
encrypt,4096,75
decrypt,4096,85
encrypt,4096,76
decrypt,4096,94
encrypt,4096,76
decrypt,4096,95
encrypt,4096,77
decrypt,4096,75
encrypt,4096,76
decrypt,4096,76
encrypt,4096,75
decrypt,4096,96
encrypt,4096,76
decrypt,4096,96
encrypt,4096,76
decrypt,4096,96
encrypt,4096,76
decrypt,4096,95
encrypt,4096,76
decrypt,4096,75
encrypt,4096,76
decrypt,4096,74
encrypt,4096,76
decrypt,4096,77
encrypt,4096,76
decrypt,4096,95
encrypt,4096,80
decrypt,4096,74
encrypt,4096,77
decrypt,4096,80
encrypt,4096,76
decrypt,4096,75
encrypt,4096,76
decrypt,4096,76
encrypt,4096,76
decrypt,4096,95
encrypt,4096,76
decrypt,4096,74
encrypt,4096,77
decrypt,4096,95
encrypt,4096,76
decrypt,4096,76
encrypt,4096,76
decrypt,4096,96
encrypt,4096,76
decrypt,4096,75
encrypt,4096,77
decrypt,4096,76
encrypt,4096,76
decrypt,4096,96
encrypt,4096,76
decrypt,4096,95
encrypt,4096,77
decrypt,4096,75
encrypt,4096,76
decrypt,4096,76
encrypt,4096,77
decrypt,4096,95
encrypt,4096,75
decrypt,4096,96
encrypt,4096,76
decrypt,4096,76
encrypt,4096,75
decrypt,4096,76
encrypt,4096,76
decrypt,4096,75
encrypt,4096,77
decrypt,4096,75
encrypt,4096,76
decrypt,4096,76
encrypt,4096,76
decrypt,4096,75
encrypt,4096,76
decrypt,4096,75
encrypt,4096,76
decrypt,4096,76
encrypt,4096,76
decrypt,4096,75
encrypt,4096,77
decrypt,4096,75
encrypt,4096,76
decrypt,4096,96
encrypt,4096,76
decrypt,4096,75
encrypt,4096,77
decrypt,4096,75
encrypt,4096,76
decrypt,4096,76
encrypt,4096,75
decrypt,4096,96
encrypt,4096,76
decrypt,4096,75
encrypt,4096,77
decrypt,4096,74
encrypt,4096,76
decrypt,4096,77
encrypt,4096,76
decrypt,4096,131
encrypt,4096,78
decrypt,4096,94
encrypt,4096,74
decrypt,4096,96
encrypt,4096,77
decrypt,4096,76
encrypt,4096,76
decrypt,4096,96
encrypt,4096,76
decrypt,4096,74
encrypt,4096,81
decrypt,4096,96
encrypt,4096,76
decrypt,4096,76
encrypt,4096,77
decrypt,4096,85
encrypt,4096,76
decrypt,4096,76
encrypt,4096,76
decrypt,4096,75
encrypt,4096,76
decrypt,4096,75
encrypt,4096,77
decrypt,4096,75
encrypt,4096,77
decrypt,4096,77
encrypt,4096,77
decrypt,4096,75
encrypt,4096,76
decrypt,4096,87
encrypt,4096,78
decrypt,4096,76
encrypt,4096,76
decrypt,4096,74
encrypt,4096,77
decrypt,4096,95
encrypt,4096,75
decrypt,4096,76
encrypt,4096,75
decrypt,4096,76
encrypt,4096,76
decrypt,4096,76
encrypt,4096,77
decrypt,4096,75
encrypt,4096,76
decrypt,4096,95
encrypt,4096,76
decrypt,4096,75
encrypt,4096,76
decrypt,4096,95
encrypt,4096,76
decrypt,4096,75
encrypt,4096,77
decrypt,4096,76
encrypt,4096,76
decrypt,4096,76
encrypt,4096,76
decrypt,4096,96
encrypt,4096,77
decrypt,4096,96
encrypt,4096,79
decrypt,4096,75
encrypt,4096,77
decrypt,4096,75
encrypt,4096,98
decrypt,4096,76
encrypt,4096,76
decrypt,4096,93
encrypt,4096,76
decrypt,4096,96
encrypt,4096,79
decrypt,4096,75
encrypt,4096,76
decrypt,4096,96
encrypt,4096,76
decrypt,4096,74
encrypt,4096,75
decrypt,4096,77
encrypt,4096,78
decrypt,4096,76
encrypt,4096,77
decrypt,4096,75
encrypt,4096,76
decrypt,4096,97
encrypt,4096,76
decrypt,4096,77
encrypt,4096,75
decrypt,4096,96
encrypt,4096,77
decrypt,4096,95
encrypt,4096,77
decrypt,4096,96
encrypt,4096,77
decrypt,4096,75
encrypt,4096,76
decrypt,4096,75
encrypt,4096,76
decrypt,4096,77
encrypt,4096,75
decrypt,4096,75
encrypt,4096,76
decrypt,4096,95
encrypt,4096,78
decrypt,4096,168
encrypt,4096,77
decrypt,4096,96
encrypt,4096,76
decrypt,4096,95
encrypt,4096,77
decrypt,4096,96
encrypt,4096,77
decrypt,4096,77
encrypt,4096,76
decrypt,4096,76
encrypt,4096,77
decrypt,4096,77
encrypt,4096,77
decrypt,4096,77
encrypt,4096,76
decrypt,4096,75
encrypt,4096,78
decrypt,4096,75
encrypt,4096,77
decrypt,4096,96
encrypt,4096,75
decrypt,4096,75
encrypt,4096,77
decrypt,4096,95
encrypt,4096,76
decrypt,4096,95
encrypt,4096,76
decrypt,4096,96
encrypt,4096,75
decrypt,4096,75
encrypt,4096,76
decrypt,4096,95
encrypt,4096,76
decrypt,4096,95
encrypt,4096,76
decrypt,4096,75
encrypt,4096,76
decrypt,4096,76
encrypt,4096,76
decrypt,4096,95
encrypt,4096,75
decrypt,4096,75
encrypt,4096,76
decrypt,4096,136
encrypt,4096,77
decrypt,4096,75
encrypt,4096,76
decrypt,4096,96
encrypt,4096,77
decrypt,4096,74
encrypt,4096,76
decrypt,4096,75
encrypt,4096,76
decrypt,4096,76
encrypt,4096,77
decrypt,4096,75
encrypt,4096,78
decrypt,4096,77
encrypt,4096,76
decrypt,4096,74
encrypt,4096,77
decrypt,4096,75
encrypt,4096,76
decrypt,4096,74
encrypt,4096,77
decrypt,4096,75
encrypt,4096,76
decrypt,4096,121
encrypt,4096,79
decrypt,4096,75
encrypt,4096,76
decrypt,4096,74
encrypt,4096,76
decrypt,4096,76
encrypt,4096,76
decrypt,4096,94
encrypt,4096,76
decrypt,4096,78
encrypt,4096,76
decrypt,4096,76
encrypt,4096,76
decrypt,4096,75
encrypt,4096,78
decrypt,4096,76
encrypt,4096,76
decrypt,4096,103
encrypt,4096,76
decrypt,4096,75
encrypt,4096,76
decrypt,4096,77
encrypt,4096,76
decrypt,4096,76
encrypt,4096,75
decrypt,4096,95
encrypt,4096,76
decrypt,4096,75
encrypt,4096,77
decrypt,4096,75
encrypt,4096,76
decrypt,4096,76
encrypt,4096,78
decrypt,4096,77
encrypt,4096,78
decrypt,4096,96
encrypt,4096,77
decrypt,4096,75
encrypt,4096,81
decrypt,4096,95
encrypt,4096,76
decrypt,4096,76
encrypt,4096,77
decrypt,4096,96
encrypt,4096,162
decrypt,4096,96
encrypt,4096,75
decrypt,4096,95
encrypt,4096,76
decrypt,4096,96
encrypt,4096,76
decrypt,4096,75
encrypt,4096,76
decrypt,4096,95
encrypt,4096,76
decrypt,4096,85
encrypt,4096,78
decrypt,4096,78
encrypt,4096,77
decrypt,4096,76
encrypt,4096,77
decrypt,4096,96
encrypt,4096,77
decrypt,4096,97
encrypt,4096,77
decrypt,4096,96
encrypt,4096,76
decrypt,4096,97
encrypt,4096,75
decrypt,4096,76
encrypt,4096,76
decrypt,4096,75
encrypt,4096,77
decrypt,4096,75
encrypt,4096,77
decrypt,4096,74
encrypt,4096,76
decrypt,4096,75
encrypt,4096,76
decrypt,4096,95
encrypt,4096,78
decrypt,4096,97
encrypt,4096,76
decrypt,4096,75
encrypt,4096,76
decrypt,4096,75
encrypt,4096,77
decrypt,4096,77
encrypt,4096,77
decrypt,4096,96
encrypt,4096,76
decrypt,4096,76
encrypt,4096,76
decrypt,4096,75
encrypt,4096,76
decrypt,4096,75
encrypt,4096,75
decrypt,4096,75
encrypt,4096,78
decrypt,4096,75
encrypt,4096,77
decrypt,4096,94
encrypt,4096,76
decrypt,4096,75
encrypt,4096,76
decrypt,4096,77
encrypt,4096,77
decrypt,4096,78
encrypt,4096,76
decrypt,4096,76
encrypt,4096,75
decrypt,4096,76
encrypt,4096,77
decrypt,4096,75
encrypt,4096,76
decrypt,4096,76
encrypt,4096,75
decrypt,4096,74
encrypt,4096,77
decrypt,4096,77
encrypt,4096,76
decrypt,4096,76
encrypt,4096,76
decrypt,4096,133
encrypt,4096,76
decrypt,4096,95
encrypt,4096,76
decrypt,4096,95
encrypt,4096,77
decrypt,4096,95
encrypt,4096,88
decrypt,4096,95
encrypt,4096,77
decrypt,4096,76
encrypt,4096,76
decrypt,4096,76
encrypt,4096,77
decrypt,4096,76
encrypt,4096,78
decrypt,4096,139
encrypt,4096,77
decrypt,4096,76
encrypt,4096,78
decrypt,4096,75
encrypt,4096,76
decrypt,4096,95
encrypt,4096,76
decrypt,4096,75
encrypt,4096,76
decrypt,4096,76
encrypt,4096,76
decrypt,4096,77
encrypt,4096,76
decrypt,4096,76
encrypt,4096,75
decrypt,4096,76
encrypt,4096,78
decrypt,4096,76
encrypt,4096,77
decrypt,4096,75
encrypt,4096,76
decrypt,4096,75
encrypt,4096,76
decrypt,4096,76
encrypt,4096,76
decrypt,4096,116
encrypt,4096,76
decrypt,4096,97
encrypt,4096,76
decrypt,4096,76
encrypt,4096,76
decrypt,4096,77
encrypt,4096,75
decrypt,4096,74
encrypt,4096,77
decrypt,4096,75
encrypt,4096,76
decrypt,4096,96
encrypt,4096,76
decrypt,4096,96
encrypt,4096,76
decrypt,4096,97
encrypt,4096,77
decrypt,4096,95
encrypt,4096,77
decrypt,4096,74
encrypt,4096,77
decrypt,4096,76
encrypt,4096,77
decrypt,4096,76
encrypt,4096,77
decrypt,4096,96
encrypt,4096,77
decrypt,4096,75
encrypt,4096,76
decrypt,4096,96
encrypt,4096,77
decrypt,4096,95
encrypt,4096,76
decrypt,4096,95
encrypt,4096,78
decrypt,4096,76
encrypt,4096,76
decrypt,4096,94
encrypt,4096,76
decrypt,4096,76
encrypt,4096,76
decrypt,4096,76
encrypt,4096,76
decrypt,4096,77
encrypt,4096,76
decrypt,4096,75
encrypt,4096,77
decrypt,4096,94
encrypt,4096,76
decrypt,4096,75
encrypt,4096,77
decrypt,4096,76
encrypt,4096,76
decrypt,4096,75
encrypt,4096,82
decrypt,4096,95
encrypt,4096,76
decrypt,4096,78
encrypt,4096,77
decrypt,4096,75
encrypt,4096,81
decrypt,4096,76
encrypt,4096,77
decrypt,4096,76
encrypt,4096,82
decrypt,4096,76
encrypt,4096,76
decrypt,4096,76
encrypt,4096,75
decrypt,4096,95
encrypt,4096,99
decrypt,4096,94
encrypt,4096,77
decrypt,4096,76
encrypt,4096,77
decrypt,4096,77
encrypt,4096,77
decrypt,4096,75
encrypt,4096,76
decrypt,4096,97
encrypt,4096,76
decrypt,4096,95
encrypt,4096,78
decrypt,4096,75
encrypt,4096,76
decrypt,4096,77
encrypt,4096,75
decrypt,4096,76
encrypt,4096,77
decrypt,4096,76
encrypt,4096,76
decrypt,4096,75
encrypt,4096,76
decrypt,4096,93
encrypt,4096,77
decrypt,4096,76
encrypt,4096,77
decrypt,4096,96
encrypt,4096,77
decrypt,4096,76
encrypt,4096,77
decrypt,4096,75
encrypt,4096,76
decrypt,4096,75
encrypt,4096,77
decrypt,4096,74
encrypt,4096,77
decrypt,4096,76
encrypt,4096,76
decrypt,4096,78
encrypt,4096,76
decrypt,4096,75
encrypt,4096,76
decrypt,4096,76
encrypt,4096,76
decrypt,4096,76
encrypt,4096,76
decrypt,4096,97
encrypt,4096,77
decrypt,4096,76
encrypt,4096,76
decrypt,4096,75
encrypt,4096,76
decrypt,4096,76
encrypt,4096,76
decrypt,4096,77
encrypt,4096,76
decrypt,4096,76
encrypt,4096,75
decrypt,4096,82
encrypt,4096,77
decrypt,4096,83
encrypt,4096,77
decrypt,4096,75
encrypt,4096,76
decrypt,4096,96
encrypt,4096,79
decrypt,4096,96
encrypt,4096,77
decrypt,4096,76
encrypt,4096,76
decrypt,4096,77
encrypt,4096,77
decrypt,4096,75
encrypt,4096,76
decrypt,4096,75
encrypt,4096,77
decrypt,4096,76
encrypt,4096,76
decrypt,4096,76
encrypt,4096,75
decrypt,4096,76
encrypt,4096,76
decrypt,4096,77
encrypt,4096,77
decrypt,4096,77
encrypt,4096,76
decrypt,4096,76
encrypt,4096,76
decrypt,4096,76
encrypt,4096,76
decrypt,4096,76
encrypt,4096,75
decrypt,4096,76
encrypt,4096,76
decrypt,4096,75
encrypt,4096,75
decrypt,4096,76
encrypt,4096,75
decrypt,4096,74
encrypt,4096,76
decrypt,4096,75
encrypt,4096,76
decrypt,8192,151
encrypt,8192,148
decrypt,8192,169
encrypt,8192,148
decrypt,8192,148
encrypt,8192,164
decrypt,8192,145
encrypt,8192,150
decrypt,8192,179
encrypt,8192,147
decrypt,8192,151
encrypt,8192,148
decrypt,8192,145
encrypt,8192,147
decrypt,8192,184
encrypt,8192,147
decrypt,8192,168
encrypt,8192,149
decrypt,8192,168
encrypt,8192,147
decrypt,8192,168
encrypt,8192,148
decrypt,8192,174
encrypt,8192,149
decrypt,8192,146
encrypt,8192,150
decrypt,8192,177
encrypt,8192,148
decrypt,8192,167
encrypt,8192,164
decrypt,8192,164
encrypt,8192,144
decrypt,8192,144
encrypt,8192,148
decrypt,8192,144
encrypt,8192,144
decrypt,8192,145
encrypt,8192,147
decrypt,8192,167
encrypt,8192,147
decrypt,8192,149
encrypt,8192,150
decrypt,8192,147
encrypt,8192,148
decrypt,8192,152
encrypt,8192,143
decrypt,8192,170
encrypt,8192,148
decrypt,8192,165
encrypt,8192,148
decrypt,8192,268
encrypt,8192,149
decrypt,8192,159
encrypt,8192,147
decrypt,8192,150
encrypt,8192,148
decrypt,8192,143
encrypt,8192,168
decrypt,8192,147
encrypt,8192,168
decrypt,8192,148
encrypt,8192,149
decrypt,8192,187
encrypt,8192,147
decrypt,8192,151
encrypt,8192,149
decrypt,8192,145
encrypt,8192,148
decrypt,8192,143
encrypt,8192,147
decrypt,8192,182
encrypt,8192,149
decrypt,8192,159
encrypt,8192,148
decrypt,8192,172
encrypt,8192,149
decrypt,8192,155
encrypt,8192,149
decrypt,8192,144
encrypt,8192,144
decrypt,8192,145
encrypt,8192,144
decrypt,8192,172
encrypt,8192,148
decrypt,8192,151
encrypt,8192,148
decrypt,8192,162
encrypt,8192,147
decrypt,8192,177
encrypt,8192,148
decrypt,8192,156
encrypt,8192,164
decrypt,8192,143
encrypt,8192,148
decrypt,8192,175
encrypt,8192,148
decrypt,8192,186
encrypt,8192,147
decrypt,8192,176
encrypt,8192,148
decrypt,8192,168
encrypt,8192,148
decrypt,8192,167
encrypt,8192,165
decrypt,8192,144
encrypt,8192,147
decrypt,8192,169
encrypt,8192,169
decrypt,8192,145
encrypt,8192,147
decrypt,8192,144
encrypt,8192,144
decrypt,8192,151
encrypt,8192,148
decrypt,8192,147
encrypt,8192,147
decrypt,8192,169
encrypt,8192,149
decrypt,8192,169
encrypt,8192,148
decrypt,8192,173
encrypt,8192,148
decrypt,8192,199
encrypt,8192,146
decrypt,8192,163
encrypt,8192,150
decrypt,8192,144
encrypt,8192,148
decrypt,8192,153
encrypt,8192,147
decrypt,8192,155
encrypt,8192,148
decrypt,8192,154
encrypt,8192,148
decrypt,8192,158
encrypt,8192,146
decrypt,8192,170
encrypt,8192,147
decrypt,8192,224
encrypt,8192,147
decrypt,8192,166
encrypt,8192,150
decrypt,8192,147
encrypt,8192,168
decrypt,8192,147
encrypt,8192,148
decrypt,8192,146
encrypt,8192,147
decrypt,8192,153
encrypt,8192,149
decrypt,8192,144
encrypt,8192,147
decrypt,8192,149
encrypt,8192,145
decrypt,8192,149
encrypt,8192,147
decrypt,8192,167
encrypt,8192,147
decrypt,8192,176
encrypt,8192,150
decrypt,8192,151
encrypt,8192,148
decrypt,8192,170
encrypt,8192,167
decrypt,8192,148
encrypt,8192,147
decrypt,8192,157
encrypt,8192,145
decrypt,8192,146
encrypt,8192,145
decrypt,8192,158
encrypt,8192,148
decrypt,8192,143
encrypt,8192,148
decrypt,8192,155
encrypt,8192,147
decrypt,8192,150
encrypt,8192,167
decrypt,8192,226
encrypt,8192,146
decrypt,8192,151
encrypt,8192,149
decrypt,8192,168
encrypt,8192,148
decrypt,8192,147
encrypt,8192,149
decrypt,8192,145
encrypt,8192,148
decrypt,8192,152
encrypt,8192,148
decrypt,8192,144
encrypt,8192,144
decrypt,8192,143
encrypt,8192,151
decrypt,8192,174
encrypt,8192,149
decrypt,8192,177
encrypt,8192,148
decrypt,8192,143
encrypt,8192,150
decrypt,8192,164
encrypt,8192,147
decrypt,8192,154
encrypt,8192,148
decrypt,8192,144
encrypt,8192,146
decrypt,8192,153
encrypt,8192,147
decrypt,8192,158
encrypt,8192,145
decrypt,8192,145
encrypt,8192,143
decrypt,8192,154
encrypt,8192,144
decrypt,8192,169
encrypt,8192,148
decrypt,8192,167
encrypt,8192,147
decrypt,8192,156
encrypt,8192,146
decrypt,8192,147
encrypt,8192,148
decrypt,8192,285
encrypt,8192,146
decrypt,8192,174
encrypt,8192,147
decrypt,8192,163
encrypt,8192,144
decrypt,8192,143
encrypt,8192,157
decrypt,8192,148
encrypt,8192,148
decrypt,8192,314
encrypt,8192,168
decrypt,8192,151
encrypt,8192,148
decrypt,8192,147
encrypt,8192,147
decrypt,8192,154
encrypt,8192,145
decrypt,8192,170
encrypt,8192,147
decrypt,8192,147
encrypt,8192,167
decrypt,8192,189
encrypt,8192,165
decrypt,8192,154
encrypt,8192,147
decrypt,8192,154
encrypt,8192,148
decrypt,8192,175
encrypt,8192,146
decrypt,8192,144
encrypt,8192,148
decrypt,8192,146
encrypt,8192,145
decrypt,8192,167
encrypt,8192,144
decrypt,8192,144
encrypt,8192,146
decrypt,8192,175
encrypt,8192,144
decrypt,8192,153
encrypt,8192,145
decrypt,8192,235
encrypt,8192,149
decrypt,8192,157
encrypt,8192,148
decrypt,8192,162
encrypt,8192,145
decrypt,8192,148
encrypt,8192,145
decrypt,8192,152
encrypt,8192,146
decrypt,8192,143
encrypt,8192,148
decrypt,8192,146
encrypt,8192,145
decrypt,8192,155
encrypt,8192,145
decrypt,8192,152
encrypt,8192,145
decrypt,8192,156
encrypt,8192,149
decrypt,8192,178
encrypt,8192,147
decrypt,8192,152
encrypt,8192,149
decrypt,8192,156
encrypt,8192,146
decrypt,8192,150
encrypt,8192,149
decrypt,8192,143
encrypt,8192,146
decrypt,8192,156
encrypt,8192,143
decrypt,8192,147
encrypt,8192,164
decrypt,8192,157
encrypt,8192,148
decrypt,8192,168
encrypt,8192,148
decrypt,8192,170
encrypt,8192,147
decrypt,8192,175
encrypt,8192,145
decrypt,8192,149
encrypt,8192,150
decrypt,8192,150
encrypt,8192,149
decrypt,8192,174
encrypt,8192,147
decrypt,8192,176
encrypt,8192,145
decrypt,8192,155
encrypt,8192,147
decrypt,8192,177
encrypt,8192,148
decrypt,8192,153
encrypt,8192,147
decrypt,8192,155
encrypt,8192,146
decrypt,8192,185
encrypt,8192,149
decrypt,8192,173
encrypt,8192,148
decrypt,8192,174
encrypt,8192,147
decrypt,8192,174
encrypt,8192,147
decrypt,8192,170
encrypt,8192,147
decrypt,8192,155
encrypt,8192,147
decrypt,8192,170
encrypt,8192,168
decrypt,8192,143
encrypt,8192,145
decrypt,8192,249
encrypt,8192,150
decrypt,8192,152
encrypt,8192,149
decrypt,8192,148
encrypt,8192,145
decrypt,8192,174
encrypt,8192,147
decrypt,8192,146
encrypt,8192,148
decrypt,8192,147
encrypt,8192,147
decrypt,8192,147
encrypt,8192,148
decrypt,8192,173
encrypt,8192,147
decrypt,8192,147
encrypt,8192,147
decrypt,8192,146
encrypt,8192,147
decrypt,8192,174
encrypt,8192,147
decrypt,8192,153
encrypt,8192,147
decrypt,8192,154
encrypt,8192,146
decrypt,8192,174
encrypt,8192,148
decrypt,8192,293
encrypt,8192,148
decrypt,8192,247
encrypt,8192,151
decrypt,8192,262
encrypt,8192,149
decrypt,8192,280
encrypt,8192,147
decrypt,8192,146
encrypt,8192,150
decrypt,8192,143
encrypt,8192,265
decrypt,8192,143
encrypt,8192,149
decrypt,8192,247
encrypt,8192,150
decrypt,8192,237
encrypt,8192,144
decrypt,8192,234
encrypt,8192,154
decrypt,8192,147
encrypt,8192,149
decrypt,8192,182
encrypt,8192,149
decrypt,8192,177
encrypt,8192,147
decrypt,8192,173
encrypt,8192,147
decrypt,8192,152
encrypt,8192,151
decrypt,8192,175
encrypt,8192,147
decrypt,8192,153
encrypt,8192,147
decrypt,8192,152
encrypt,8192,149
decrypt,8192,153
encrypt,8192,150
decrypt,8192,153
encrypt,8192,148
decrypt,8192,144
encrypt,8192,166
decrypt,8192,175
encrypt,8192,144
decrypt,8192,155
encrypt,8192,147
decrypt,8192,147
encrypt,8192,168
decrypt,8192,152
encrypt,8192,143
decrypt,8192,155
encrypt,8192,145
decrypt,8192,256
encrypt,8192,144
decrypt,8192,158
encrypt,8192,147
decrypt,8192,153
encrypt,8192,146
decrypt,8192,171
encrypt,8192,149
decrypt,8192,146
encrypt,8192,147
decrypt,8192,190
encrypt,8192,147
decrypt,8192,145
encrypt,8192,149
decrypt,8192,154
encrypt,8192,147
decrypt,8192,147
encrypt,8192,147
decrypt,8192,152
encrypt,8192,166
decrypt,8192,149
encrypt,8192,148
decrypt,8192,153
encrypt,8192,147
decrypt,8192,150
encrypt,8192,149
decrypt,8192,166
encrypt,8192,148
decrypt,8192,153
encrypt,8192,146
decrypt,8192,165
encrypt,8192,147
decrypt,8192,144
encrypt,8192,148
decrypt,8192,162
encrypt,8192,149
decrypt,8192,173
encrypt,8192,147
decrypt,8192,156
encrypt,8192,148
decrypt,8192,179
encrypt,8192,148
decrypt,8192,174
encrypt,8192,148
decrypt,8192,174
encrypt,8192,145
decrypt,8192,175
encrypt,8192,145
decrypt,8192,169
encrypt,8192,148
decrypt,8192,159
encrypt,8192,149
decrypt,8192,147
encrypt,8192,148
decrypt,8192,285
encrypt,8192,168
decrypt,8192,161
encrypt,8192,148
decrypt,8192,153
encrypt,8192,146
decrypt,8192,155
encrypt,8192,149
decrypt,8192,158
encrypt,8192,147
decrypt,8192,175
encrypt,8192,148
decrypt,8192,147
encrypt,8192,148
decrypt,8192,169
encrypt,8192,168
decrypt,8192,153
encrypt,8192,148
decrypt,8192,155
encrypt,8192,148
decrypt,8192,151
encrypt,8192,147
decrypt,8192,145
encrypt,8192,145
decrypt,8192,146
encrypt,8192,149
decrypt,8192,195
encrypt,8192,148
decrypt,8192,199
encrypt,8192,149
decrypt,8192,174
encrypt,8192,149
decrypt,8192,183
encrypt,8192,145
decrypt,8192,166
encrypt,8192,147
decrypt,8192,155
encrypt,8192,147
decrypt,8192,175
encrypt,8192,145
decrypt,8192,170
encrypt,8192,148
decrypt,8192,170
encrypt,8192,148
decrypt,8192,168
encrypt,8192,147
decrypt,8192,175
encrypt,8192,144
decrypt,8192,154
encrypt,8192,147
decrypt,8192,156
encrypt,8192,147
decrypt,8192,152
encrypt,8192,149
decrypt,8192,176
encrypt,8192,148
decrypt,8192,152
encrypt,8192,146
decrypt,8192,151
encrypt,8192,148
decrypt,8192,151
encrypt,8192,149
decrypt,8192,183
encrypt,8192,148
decrypt,8192,156
encrypt,8192,147
decrypt,8192,201
encrypt,8192,150
decrypt,8192,174
encrypt,8192,147
decrypt,8192,162
encrypt,8192,164
decrypt,8192,169
encrypt,8192,148
decrypt,8192,149
encrypt,8192,149
decrypt,8192,154
encrypt,8192,149
decrypt,8192,154
encrypt,8192,147
decrypt,8192,167
encrypt,8192,169
decrypt,8192,150
encrypt,8192,147
decrypt,8192,169
encrypt,8192,150
decrypt,8192,152
encrypt,8192,145
decrypt,8192,156
encrypt,8192,150
decrypt,8192,154
encrypt,8192,148
decrypt,8192,165
encrypt,8192,146
decrypt,8192,150
encrypt,8192,169
decrypt,8192,147
encrypt,8192,146
decrypt,8192,143
encrypt,8192,149
decrypt,8192,172
encrypt,8192,147
decrypt,8192,158
encrypt,8192,147
decrypt,8192,170
encrypt,8192,148
decrypt,8192,174
encrypt,8192,149
decrypt,8192,169
encrypt,8192,148
decrypt,8192,153
encrypt,8192,146
decrypt,8192,152
encrypt,8192,144
decrypt,8192,152
encrypt,8192,148
decrypt,8192,175
encrypt,8192,145
decrypt,8192,167
encrypt,8192,171
decrypt,8192,153
encrypt,8192,147
decrypt,8192,143
encrypt,8192,148
decrypt,8192,156
encrypt,8192,147
decrypt,8192,147
encrypt,8192,145
decrypt,8192,170
encrypt,8192,147
decrypt,8192,152
encrypt,8192,149
decrypt,8192,147
encrypt,8192,146
decrypt,8192,143
encrypt,8192,143
decrypt,8192,177
encrypt,8192,148
decrypt,8192,147
encrypt,8192,148
decrypt,8192,150
encrypt,8192,147
decrypt,8192,143
encrypt,8192,147
decrypt,8192,158
encrypt,8192,145
decrypt,8192,166
encrypt,8192,147
decrypt,8192,148
encrypt,8192,145
decrypt,8192,171
encrypt,8192,151
decrypt,8192,150
encrypt,8192,147
decrypt,8192,144
encrypt,8192,148
decrypt,8192,153
encrypt,8192,146
decrypt,8192,158
encrypt,8192,145
decrypt,8192,159
encrypt,8192,147
decrypt,8192,147
encrypt,8192,146
decrypt,8192,157
encrypt,8192,147
decrypt,8192,146
encrypt,8192,147
decrypt,8192,169
encrypt,8192,148
decrypt,8192,144
encrypt,8192,149
decrypt,8192,150
encrypt,8192,147
decrypt,8192,171
encrypt,8192,149
decrypt,8192,169
encrypt,8192,149
decrypt,8192,156
encrypt,8192,148
decrypt,8192,155
encrypt,8192,147
decrypt,8192,146
encrypt,8192,148
decrypt,8192,174
encrypt,8192,148
decrypt,8192,264
encrypt,8192,150
decrypt,8192,147
encrypt,8192,145
decrypt,8192,149
encrypt,8192,145
decrypt,8192,169
encrypt,8192,244
decrypt,8192,181
encrypt,8192,166
decrypt,8192,174
encrypt,8192,147
decrypt,8192,164
encrypt,8192,148
decrypt,8192,152
encrypt,8192,255
decrypt,8192,143
encrypt,8192,149
decrypt,8192,147
encrypt,8192,166
decrypt,8192,150
encrypt,8192,167
decrypt,8192,160
encrypt,8192,149
decrypt,8192,156
encrypt,8192,148
decrypt,8192,174
encrypt,8192,143
decrypt,8192,147
encrypt,8192,147
decrypt,8192,144
encrypt,8192,146
decrypt,8192,144
encrypt,8192,149
decrypt,8192,170
encrypt,8192,149
decrypt,8192,156
encrypt,8192,148
decrypt,8192,163
encrypt,8192,145
decrypt,8192,160
encrypt,8192,149
decrypt,8192,155
encrypt,8192,149
decrypt,8192,149
encrypt,8192,148
decrypt,8192,150
encrypt,8192,152
decrypt,8192,145
encrypt,8192,147
decrypt,8192,144
encrypt,8192,145
decrypt,8192,148
encrypt,8192,145
decrypt,8192,147
encrypt,8192,144
decrypt,8192,176
encrypt,8192,148
decrypt,8192,173
encrypt,8192,149
decrypt,8192,167
encrypt,8192,149
decrypt,8192,146
encrypt,8192,147
decrypt,8192,156
encrypt,8192,167
decrypt,8192,175
encrypt,8192,149
decrypt,8192,147
encrypt,8192,149
decrypt,8192,172
encrypt,8192,143
decrypt,8192,150
encrypt,8192,148
decrypt,8192,153
encrypt,8192,149
decrypt,8192,148
encrypt,8192,148
decrypt,8192,154
encrypt,8192,147
decrypt,8192,144
encrypt,8192,147
decrypt,8192,151
encrypt,8192,148
decrypt,8192,145
encrypt,8192,149
decrypt,8192,168
encrypt,8192,147
decrypt,8192,150
encrypt,8192,148
decrypt,8192,150
encrypt,8192,147
decrypt,8192,163
encrypt,8192,145
decrypt,8192,175
encrypt,8192,147
decrypt,8192,143
encrypt,8192,167
decrypt,8192,150
encrypt,8192,148
decrypt,8192,157
encrypt,8192,147
decrypt,8192,157
encrypt,8192,145
decrypt,8192,149
encrypt,8192,152
decrypt,8192,147
encrypt,8192,148
decrypt,8192,242
encrypt,8192,183
decrypt,8192,168
encrypt,8192,167
decrypt,8192,170
encrypt,8192,148
decrypt,8192,261
encrypt,8192,184
decrypt,8192,261
encrypt,8192,149
decrypt,8192,239
encrypt,8192,145
decrypt,8192,167
encrypt,8192,145
decrypt,8192,158
encrypt,8192,149
decrypt,8192,156
encrypt,8192,148
decrypt,8192,175
encrypt,8192,148
decrypt,8192,173
encrypt,8192,148
decrypt,8192,195
encrypt,8192,167
decrypt,8192,166
encrypt,8192,165
decrypt,8192,147
encrypt,8192,146
decrypt,8192,147
encrypt,8192,147
decrypt,8192,156
encrypt,8192,149
decrypt,8192,143
encrypt,8192,148
decrypt,16384,307
encrypt,16384,317
decrypt,16384,353
encrypt,16384,306
decrypt,16384,345
encrypt,16384,292
decrypt,16384,338
encrypt,16384,301
decrypt,16384,333
encrypt,16384,323
decrypt,16384,289
encrypt,16384,325
decrypt,16384,340
encrypt,16384,304
decrypt,16384,341
encrypt,16384,299
decrypt,16384,306
encrypt,16384,297
decrypt,16384,293
encrypt,16384,290
decrypt,16384,286
encrypt,16384,323
decrypt,16384,323
encrypt,16384,289
decrypt,16384,406
encrypt,16384,362
decrypt,16384,295
encrypt,16384,299
decrypt,16384,293
encrypt,16384,298
decrypt,16384,294
encrypt,16384,301
decrypt,16384,336
encrypt,16384,323
decrypt,16384,358
encrypt,16384,295
decrypt,16384,299
encrypt,16384,296
decrypt,16384,345
encrypt,16384,315
decrypt,16384,335
encrypt,16384,321
decrypt,16384,356
encrypt,16384,319
decrypt,16384,312
encrypt,16384,290
decrypt,16384,281
encrypt,16384,293
decrypt,16384,331
encrypt,16384,289
decrypt,16384,336
encrypt,16384,318
decrypt,16384,310
encrypt,16384,296
decrypt,16384,336
encrypt,16384,310
decrypt,16384,369
encrypt,16384,292
decrypt,16384,332
encrypt,16384,290
decrypt,16384,285
encrypt,16384,322
decrypt,16384,356
encrypt,16384,303
decrypt,16384,377
encrypt,16384,320
decrypt,16384,357
encrypt,16384,295
decrypt,16384,290
encrypt,16384,307
decrypt,16384,316
encrypt,16384,311
decrypt,16384,332
encrypt,16384,324
decrypt,16384,317
encrypt,16384,325
decrypt,16384,331
encrypt,16384,331
decrypt,16384,340
encrypt,16384,303
decrypt,16384,339
encrypt,16384,297
decrypt,16384,358
encrypt,16384,315
decrypt,16384,285
encrypt,16384,291
decrypt,16384,315
encrypt,16384,327
decrypt,16384,357
encrypt,16384,317
decrypt,16384,396
encrypt,16384,302
decrypt,16384,318
encrypt,16384,331
decrypt,16384,341
encrypt,16384,304
decrypt,16384,335
encrypt,16384,302
decrypt,16384,353
encrypt,16384,311
decrypt,16384,314
encrypt,16384,317
decrypt,16384,358
encrypt,16384,312
decrypt,16384,335
encrypt,16384,302
decrypt,16384,298
encrypt,16384,289
decrypt,16384,309
encrypt,16384,288
decrypt,16384,333
encrypt,16384,310
decrypt,16384,333
encrypt,16384,303
decrypt,16384,342
encrypt,16384,327
decrypt,16384,331
encrypt,16384,300
decrypt,16384,351
encrypt,16384,314
decrypt,16384,325
encrypt,16384,321
decrypt,16384,293
encrypt,16384,296
decrypt,16384,312
encrypt,16384,295
decrypt,16384,335
encrypt,16384,313
decrypt,16384,337
encrypt,16384,291
decrypt,16384,359
encrypt,16384,303
decrypt,16384,330
encrypt,16384,315
decrypt,16384,321
encrypt,16384,303
decrypt,16384,358
encrypt,16384,321
decrypt,16384,312
encrypt,16384,330
decrypt,16384,331
encrypt,16384,321
decrypt,16384,341
encrypt,16384,326
decrypt,16384,359
encrypt,16384,375
decrypt,16384,371
encrypt,16384,313
decrypt,16384,328
encrypt,16384,312
decrypt,16384,357
encrypt,16384,312
decrypt,16384,341
encrypt,16384,299
decrypt,16384,335
encrypt,16384,290
decrypt,16384,312
encrypt,16384,293
decrypt,16384,335
encrypt,16384,317
decrypt,16384,406
encrypt,16384,333
decrypt,16384,410
encrypt,16384,320
decrypt,16384,336
encrypt,16384,334
decrypt,16384,356
encrypt,16384,304
decrypt,16384,293
encrypt,16384,289
decrypt,16384,368
encrypt,16384,294
decrypt,16384,298
encrypt,16384,322
decrypt,16384,379
encrypt,16384,304
decrypt,16384,362
encrypt,16384,291
decrypt,16384,383
encrypt,16384,291
decrypt,16384,337
encrypt,16384,286
decrypt,16384,306
encrypt,16384,298
decrypt,16384,298
encrypt,16384,333
decrypt,16384,318
encrypt,16384,342
decrypt,16384,333
encrypt,16384,342
decrypt,16384,338
encrypt,16384,315
decrypt,16384,351
encrypt,16384,328
decrypt,16384,338
encrypt,16384,305
decrypt,16384,291
encrypt,16384,313
decrypt,16384,345
encrypt,16384,310
decrypt,16384,343
encrypt,16384,289
decrypt,16384,336
encrypt,16384,310
decrypt,16384,290
encrypt,16384,291
decrypt,16384,433
encrypt,16384,297
decrypt,16384,359
encrypt,16384,323
decrypt,16384,365
encrypt,16384,314
decrypt,16384,348
encrypt,16384,293
decrypt,16384,359
encrypt,16384,296
decrypt,16384,333
encrypt,16384,312
decrypt,16384,323
encrypt,16384,316
decrypt,16384,291
encrypt,16384,290
decrypt,16384,342
encrypt,16384,295
decrypt,16384,342
encrypt,16384,321
decrypt,16384,351
encrypt,16384,290
decrypt,16384,353
encrypt,16384,333
decrypt,16384,294
encrypt,16384,290
decrypt,16384,292
encrypt,16384,313
decrypt,16384,352
encrypt,16384,308
decrypt,16384,332
encrypt,16384,303
decrypt,16384,334
encrypt,16384,341
decrypt,16384,341
encrypt,16384,326
decrypt,16384,338
encrypt,16384,315
decrypt,16384,338
encrypt,16384,312
decrypt,16384,292
encrypt,16384,296
decrypt,16384,359
encrypt,16384,316
decrypt,16384,348
encrypt,16384,291
decrypt,16384,298
encrypt,16384,292
decrypt,16384,337
encrypt,16384,317
decrypt,16384,318
encrypt,16384,311
decrypt,16384,358
encrypt,16384,295
decrypt,16384,338
encrypt,16384,333
decrypt,16384,285
encrypt,16384,320
decrypt,16384,338
encrypt,16384,294
decrypt,16384,305
encrypt,16384,317
decrypt,16384,330
encrypt,16384,295
decrypt,16384,339
encrypt,16384,310
decrypt,16384,360
encrypt,16384,322
decrypt,16384,359
encrypt,16384,304
decrypt,16384,289
encrypt,16384,290
decrypt,16384,285
encrypt,16384,293
decrypt,16384,339
encrypt,16384,312
decrypt,16384,285
encrypt,16384,313
decrypt,16384,293
encrypt,16384,311
decrypt,16384,336
encrypt,16384,290
decrypt,16384,332
encrypt,16384,318
decrypt,16384,355
encrypt,16384,321
decrypt,16384,343
encrypt,16384,333
decrypt,16384,295
encrypt,16384,297
decrypt,16384,336
encrypt,16384,303
decrypt,16384,415
encrypt,16384,297
decrypt,16384,346
encrypt,16384,300
decrypt,16384,346
encrypt,16384,301
decrypt,16384,351
encrypt,16384,342
decrypt,16384,361
encrypt,16384,304
decrypt,16384,339
encrypt,16384,326
decrypt,16384,648
encrypt,16384,314
decrypt,16384,338
encrypt,16384,290
decrypt,16384,332
encrypt,16384,318
decrypt,16384,336
encrypt,16384,313
decrypt,16384,296
encrypt,16384,321
decrypt,16384,336
encrypt,16384,303
decrypt,16384,304
encrypt,16384,290
decrypt,16384,314
encrypt,16384,302
decrypt,16384,301
encrypt,16384,305
decrypt,16384,348
encrypt,16384,336
decrypt,16384,360
encrypt,16384,301
decrypt,16384,346
encrypt,16384,321
decrypt,16384,352
encrypt,16384,294
decrypt,16384,331
encrypt,16384,321
decrypt,16384,328
encrypt,16384,323
decrypt,16384,329
encrypt,16384,291
decrypt,16384,317
encrypt,16384,291
decrypt,16384,351
encrypt,16384,321
decrypt,16384,331
encrypt,16384,327
decrypt,16384,331
encrypt,16384,325
decrypt,16384,359
encrypt,16384,291
decrypt,16384,348
encrypt,16384,322
decrypt,16384,286
encrypt,16384,288
decrypt,16384,286
encrypt,16384,285
decrypt,16384,338
encrypt,16384,309
decrypt,16384,372
encrypt,16384,301
decrypt,16384,341
encrypt,16384,310
decrypt,16384,327
encrypt,16384,289
decrypt,16384,330
encrypt,16384,338
decrypt,16384,350
encrypt,16384,325
decrypt,16384,358
encrypt,16384,327
decrypt,16384,292
encrypt,16384,333
decrypt,16384,312
encrypt,16384,334
decrypt,16384,330
encrypt,16384,296
decrypt,16384,320
encrypt,16384,310
decrypt,16384,338
encrypt,16384,312
decrypt,16384,342
encrypt,16384,326
decrypt,16384,337
encrypt,16384,311
decrypt,16384,292
encrypt,16384,313
decrypt,16384,300
encrypt,16384,306
decrypt,16384,357
encrypt,16384,291
decrypt,16384,305
encrypt,16384,310
decrypt,16384,358
encrypt,16384,290
decrypt,16384,289
encrypt,16384,321
decrypt,16384,337
encrypt,16384,326
decrypt,16384,324
encrypt,16384,303
decrypt,16384,329
encrypt,16384,322
decrypt,16384,331
encrypt,16384,296
decrypt,16384,286
encrypt,16384,324
decrypt,16384,311
encrypt,16384,329
decrypt,16384,339
encrypt,16384,314
decrypt,16384,337
encrypt,16384,291
decrypt,16384,338
encrypt,16384,293
decrypt,16384,359
encrypt,16384,320
decrypt,16384,352
encrypt,16384,298
decrypt,16384,331
encrypt,16384,334
decrypt,16384,349
encrypt,16384,298
decrypt,16384,342
encrypt,16384,329
decrypt,16384,350
encrypt,16384,339
decrypt,16384,331
encrypt,16384,314
decrypt,16384,358
encrypt,16384,302
decrypt,16384,339
encrypt,16384,302
decrypt,16384,299
encrypt,16384,323
decrypt,16384,291
encrypt,16384,290
decrypt,16384,361
encrypt,16384,315
decrypt,16384,300
encrypt,16384,291
decrypt,16384,284
encrypt,16384,318
decrypt,16384,339
encrypt,16384,306
decrypt,16384,333
encrypt,16384,312
decrypt,16384,383
encrypt,16384,311
decrypt,16384,285
encrypt,16384,291
decrypt,16384,336
encrypt,16384,300
decrypt,16384,359
encrypt,16384,306
decrypt,16384,332
encrypt,16384,304
decrypt,16384,332
encrypt,16384,321
decrypt,16384,358
encrypt,16384,303
decrypt,16384,360
encrypt,16384,303
decrypt,16384,369
encrypt,16384,315
decrypt,16384,283
encrypt,16384,289
decrypt,16384,353
encrypt,16384,311
decrypt,16384,352
encrypt,16384,311
decrypt,16384,381
encrypt,16384,320
decrypt,16384,342
encrypt,16384,319
decrypt,16384,323
encrypt,16384,334
decrypt,16384,341
encrypt,16384,333
decrypt,16384,342
encrypt,16384,335
decrypt,16384,300
encrypt,16384,334
decrypt,16384,328
encrypt,16384,342
decrypt,16384,342
encrypt,16384,327
decrypt,16384,344
encrypt,16384,291
decrypt,16384,362
encrypt,16384,313
decrypt,16384,329
encrypt,16384,340
decrypt,16384,325
encrypt,16384,334
decrypt,16384,341
encrypt,16384,344
decrypt,16384,294
encrypt,16384,335
decrypt,16384,328
encrypt,16384,380
decrypt,16384,344
encrypt,16384,332
decrypt,16384,315
encrypt,16384,335
decrypt,16384,361
encrypt,16384,309
decrypt,16384,332
encrypt,16384,324
decrypt,16384,332
encrypt,16384,335
decrypt,16384,335
encrypt,16384,318
decrypt,16384,282
encrypt,16384,316
decrypt,16384,349
encrypt,16384,315
decrypt,16384,356
encrypt,16384,323
decrypt,16384,342
encrypt,16384,314
decrypt,16384,336
encrypt,16384,321
decrypt,16384,329
encrypt,16384,307
decrypt,16384,337
encrypt,16384,291
decrypt,16384,339
encrypt,16384,297
decrypt,16384,359
encrypt,16384,315
decrypt,16384,296
encrypt,16384,298
decrypt,16384,337
encrypt,16384,292
decrypt,16384,337
encrypt,16384,290
decrypt,16384,345
encrypt,16384,309
decrypt,16384,335
encrypt,16384,323
decrypt,16384,329
encrypt,16384,325
decrypt,16384,332
encrypt,16384,294
decrypt,16384,315
encrypt,16384,291
decrypt,16384,349
encrypt,16384,316
decrypt,16384,337
encrypt,16384,323
decrypt,16384,364
encrypt,16384,320
decrypt,16384,359
encrypt,16384,316
decrypt,16384,329
encrypt,16384,302
decrypt,16384,548
encrypt,16384,300
decrypt,16384,385
encrypt,16384,292
decrypt,16384,337
encrypt,16384,335
decrypt,16384,335
encrypt,16384,322
decrypt,16384,330
encrypt,16384,290
decrypt,16384,322
encrypt,16384,292
decrypt,16384,322
encrypt,16384,306
decrypt,16384,317
encrypt,16384,302
decrypt,16384,330
encrypt,16384,304
decrypt,16384,292
encrypt,16384,290
decrypt,16384,357
encrypt,16384,311
decrypt,16384,330
encrypt,16384,301
decrypt,16384,356
encrypt,16384,321
decrypt,16384,323
encrypt,16384,332
decrypt,16384,286
encrypt,16384,290
decrypt,16384,311
encrypt,16384,298
decrypt,16384,302
encrypt,16384,293
decrypt,16384,300
encrypt,16384,324
decrypt,16384,351
encrypt,16384,313
decrypt,16384,329
encrypt,16384,315
decrypt,16384,320
encrypt,16384,313
decrypt,16384,356
encrypt,16384,290
decrypt,16384,359
encrypt,16384,301
decrypt,16384,334
encrypt,16384,306
decrypt,16384,358
encrypt,16384,302
decrypt,16384,350
encrypt,16384,334
decrypt,16384,319
encrypt,16384,313
decrypt,16384,344
encrypt,16384,323
decrypt,16384,300
encrypt,16384,312
decrypt,16384,361
encrypt,16384,309
decrypt,16384,332
encrypt,16384,290
decrypt,16384,318
encrypt,16384,311
decrypt,16384,335
encrypt,16384,316
decrypt,16384,312
encrypt,16384,296
decrypt,16384,322
encrypt,16384,317
decrypt,16384,337
encrypt,16384,304
decrypt,16384,330
encrypt,16384,304
decrypt,16384,333
encrypt,16384,322
decrypt,16384,337
encrypt,16384,317
decrypt,16384,330
encrypt,16384,320
decrypt,16384,333
encrypt,16384,326
decrypt,16384,315
encrypt,16384,317
decrypt,16384,361
encrypt,16384,289
decrypt,16384,329
encrypt,16384,322
decrypt,16384,333
encrypt,16384,293
decrypt,16384,338
encrypt,16384,318
decrypt,16384,331
encrypt,16384,294
decrypt,16384,313
encrypt,16384,310
decrypt,16384,336
encrypt,16384,292
decrypt,16384,284
encrypt,16384,291
decrypt,16384,345
encrypt,16384,330
decrypt,16384,324
encrypt,16384,325
decrypt,16384,331
encrypt,16384,326
decrypt,16384,351
encrypt,16384,334
decrypt,16384,350
encrypt,16384,332
decrypt,16384,310
encrypt,16384,321
decrypt,16384,316
encrypt,16384,292
decrypt,16384,338
encrypt,16384,293
decrypt,16384,291
encrypt,16384,301
decrypt,16384,353
encrypt,16384,323
decrypt,16384,330
encrypt,16384,328
decrypt,16384,359
encrypt,16384,322
decrypt,16384,351
encrypt,16384,315
decrypt,16384,332
encrypt,16384,318
decrypt,16384,281
encrypt,16384,295
decrypt,16384,312
encrypt,16384,317
decrypt,16384,336
encrypt,16384,296
decrypt,16384,310
encrypt,16384,290
decrypt,16384,332
encrypt,16384,291
decrypt,16384,297
encrypt,16384,309
decrypt,16384,288
encrypt,16384,309
decrypt,16384,338
encrypt,16384,335
decrypt,16384,339
encrypt,16384,298
decrypt,16384,344
encrypt,16384,291
decrypt,16384,337
encrypt,16384,313
decrypt,16384,290
encrypt,16384,307
decrypt,16384,341
encrypt,16384,315
decrypt,16384,315
encrypt,16384,291
decrypt,16384,330
encrypt,16384,331
decrypt,16384,341
encrypt,16384,323
decrypt,16384,332
encrypt,16384,292
decrypt,16384,350
encrypt,16384,325
decrypt,16384,355
encrypt,16384,325
decrypt,16384,323
encrypt,16384,323
decrypt,16384,318
encrypt,16384,317
decrypt,16384,347
encrypt,16384,327
decrypt,16384,356
encrypt,16384,315
decrypt,16384,311
encrypt,16384,319
decrypt,16384,548
encrypt,16384,292
decrypt,16384,345
encrypt,16384,304
decrypt,16384,346
encrypt,16384,291
decrypt,16384,330
encrypt,16384,304
decrypt,16384,331
encrypt,16384,316
decrypt,16384,338
encrypt,16384,328
decrypt,16384,430
encrypt,16384,323
decrypt,16384,331
encrypt,16384,325
decrypt,16384,296
encrypt,16384,300
decrypt,16384,330
encrypt,16384,324
decrypt,16384,356
encrypt,16384,314
decrypt,16384,330
encrypt,16384,292
decrypt,16384,358
encrypt,16384,325
decrypt,16384,351
encrypt,16384,303
decrypt,16384,515
encrypt,16384,297
decrypt,16384,291
encrypt,16384,297
decrypt,16384,285
encrypt,16384,311
decrypt,16384,294
encrypt,16384,292
decrypt,16384,336
encrypt,16384,318
decrypt,16384,287
encrypt,16384,292
decrypt,16384,321
encrypt,16384,291
decrypt,16384,336
encrypt,16384,291
decrypt,16384,334
encrypt,16384,302
decrypt,16384,335
encrypt,16384,315
decrypt,16384,295
encrypt,16384,320
decrypt,16384,314
encrypt,16384,305
decrypt,16384,335
encrypt,16384,290
decrypt,16384,291
encrypt,16384,295
decrypt,16384,336
encrypt,16384,294
decrypt,16384,348
encrypt,16384,302
decrypt,16384,331
encrypt,16384,303
decrypt,16384,428
encrypt,16384,296
decrypt,16384,332
encrypt,16384,334
